actor,bday
Jack Nicholson,1937-04-22
Brooke Shields,1965-05-31
Mark Hamill,1951-09-25
Robert Hays,1947-07-24
Chevy Chase,1943-10-08
Betsy Palmer,1926-11-01
John Belushi,1949-01-24
Robert De Niro,1943-08-17
Gene Hackman,1930-01-30
David Carradine,1936-12-08
Clint Eastwood,1930-05-31
N!xau,
Robin Williams,1951-07-21
Donald Sutherland,1935-07-17
Michael Caine,1933-03-14
Christopher Reeve,1952-09-25
Eddie Barth,
Jane Fonda,1937-12-21
Adrienne Barbeau,1945-06-11
Gene Wilder,1933-06-11
Al Pacino,1940-04-25
Kris Kristofferson,1936-06-22
Kirk Douglas,1916-12-09
Olivia Newton-John,1948-09-26
John Travolta,1954-02-18
William Hurt,1950-03-20
Tatum O'Neal,1963-11-05
Jason Robards,1922-07-26
Robert Redford,1936-08-18
Richard Gere,1949-08-31
Chris Makepeace,1964-04-22
Leslie Nielsen,1926-02-11
Burt Reynolds,1936-02-11
Scott Glenn,
Goldie Hawn,1945-11-21
Tony Danza,1951-04-21
Rory Calhoun,1922-08-08
Laurence Olivier,
Sissy Spacek,1949-12-25
Bette Davis,1908-04-05
Edward Woodward,1930-06-01
Peter O'Toole,1932-08-02
Peter Boyle,1935-10-18
Charlton Heston,1923-10-04
Cheech Marin,1946-07-13
Suzanna Love,1950-04-08
Don Adams,1923-04-13
Anthony Quinn,1915-04-21
Woody Allen,1935-11-30
Paul Le Mat,1945-09-22
Ray Simpson,1954-01-15
Marcello Mastroianni,1924-09-28
Tim Conway,
Paul Newman,1925-01-26
Chuck Norris,1940-03-10
Darren McGavin,1922-05-07
Charles Martin Smith,1953-10-30
Richard Dreyfuss,1947-10-29
Jill Clayburgh,1944-04-30
Willie Nelson,1933-04-29
Ellen Burstyn,1932-12-07
Dom DeLuise,1933-08-01
Vera Alentova,1942-02-21
Peter Sellers,1925-09-08
Martin Mull,1943-08-18
John Ritter,1948-09-17
Dudley Moore,1935-04-19
Scott Beach,1931-01-13
Marty Feldman,1934-07-08
Meat Loaf,1947-09-27
Ali MacGraw,1939-04-01
Elliott Gould,1938-08-29
Walter Matthau,1920-10-01
Michael Ontkean,1946-01-24
David N. Haynes,
Trevor Howard,1913-09-29
Paul Michael Glaser,1943-03-25
Talia Shire,1946-04-25
Shirley MacLaine,1934-04-24
Jean Martin,1922-03-06
George Burns,1896-01-20
Frank Langella,1938-01-01
Michel Serrault,1928-01-24
Chuck Barris,1929-06-03
Gilda Radner,1946-06-28
Treat Williams,1951-12-01
Bob Newhart,1929-09-05
Ka-Yan Leung,1948-01-20
Harrison Ford,1942-07-13
David Naughton,1951-02-13
Kurt Russell,1951-03-17
Bruce Campbell,1958-06-22
Dan Monahan,1955-07-20
Nigel Terry,1945-08-15
Mel Gibson,1956-01-03
Jürgen Prochnow,1941-06-10
Bill Murray,1950-09-21
Isabelle Adjani,1955-06-27
James Caan,1940-03-26
Sean Connery,1930-08-25
Alan Alda,1936-01-28
Jennifer O'Neill,1948-02-20
Roger Moore,1927-10-14
Jamie Lee Curtis,1958-11-22
George C. Scott,1927-10-18
Warren Beatty,1937-03-30
Katharine Hepburn,1907-05-12
Mickey Rooney,1920-09-23
Ben Cross,1947-12-16
Bo Derek,1956-11-20
Andre Gregory,1934-05-11
Ringo Starr,1940-07-07
James Farentino,1938-02-24
Mel Brooks,1926-06-28
Dee Wallace,1948-12-14
Peter MacNicol,1954-04-10
Jeff Bridges,1949-12-04
Everett McGill,1945-10-21
Sam Neill,1947-09-14
Faye Dunaway,1941-01-14
Sylvia Kristel,1952-09-28
James Cagney,1899-07-17
Maren Jensen,1956-09-23
Keith Carradine,1949-08-08
Julie Andrews,1935-10-01
Catriona MacColl,1954-10-03
Craig Wasson,1954-03-15
Paul Kelman,
Elizabeth Berridge,
Frederic Forrest,1936-12-23
Meryl Streep,1949-06-22
Jim Henson,1936-09-24
Albert Finney,1936-05-09
Sylvester Stallone,1946-07-06
Nell Schofield,
Kristen Riter,
Wilhelmenia Fernandez,
Klaus Kinski,1926-10-18
Lauren Tewes,1953-10-26
George Hamilton,1939-08-12
George Segal,1934-02-13
Lily Tomlin,1939-09-01
Kristy McNichol,1962-09-11
Christopher George,1931-02-25
Steve Martin,1945-08-14
Mews Small,1942-03-20
Klinton Spilsbury,1950-03-04
Lesley-Anne Down,1954-03-17
Leonard Mann,1947-03-01
Daniel Valdez,1949-04-27
Jacqueline Bisset,1944-09-13
Jack Lemmon,1925-02-08
Richard Pryor,1940-12-01
Albert Brooks,1947-07-22
Andy Kaufman,1949-01-17
Sally Field,1946-11-06
Robert Duvall,1931-01-05
Marsha Mason,1942-04-03
David Rasche,1944-08-07
Harry Hamlin,1951-10-30
Pepper Martin,1904-02-29
John Savage,1949-08-25
Leif Garrett,1961-11-08
Tony Anthony,1960-04-12
Bulle Ogier,1939-08-09
Sean Penn,1960-08-17
Arnold Schwarzenegger,1947-07-30
Henry Thomas,1971-09-09
Michelle Pfeiffer,1958-04-29
Aileen Quinn,1971-06-28
JoBeth Williams,1948-12-06
Nick Nolte,1941-02-08
William Shatner,1931-03-22
Willie Aames,1960-07-15
Lawrence Monoson,1964-08-11
Ben Kingsley,1943-12-31
Dustin Hoffman,1937-08-08
Elizabeth Hartman,1943-12-23
Marc Singer,1948-01-29
Hal Holbrook,1925-02-17
Bob Geldof,1951-10-05
Nastassja Kinski,1961-01-24
Bertil Guve,
Dana Kimmell,1959-05-21
Tom Atkins,1935-11-13
Scott Baio,1960-09-22
Kenny Rogers,1938-08-21
Steve Guttenberg,1958-08-24
Henry Winkler,1945-10-30
Peter Gallagher,
Barbara Hershey,1948-02-05
Kate McNeil,1959-08-17
Peter Ustinov,1921-04-16
Lee Horsley,1955-05-15
Charles Bronson,1921-11-03
Barry Bostwick,1945-02-24
Mariel Hemingway,1961-11-22
James Olson,
Jessica Lange,1949-04-20
Morgan Fairchild,1950-02-03
Matt Dillon,1964-02-18
Ben Murphy,1942-03-06
Armand Assante,1949-10-04
John Cassavetes,1929-12-09
Michael McKean,1947-10-17
Roy Scheider,1932-11-10
Robert Glaudini,1941-12-06
Ronny Cox,1938-07-23
Cher,1946-05-20
Lewis Collins,1946-05-27
Kathryn Harrold,1950-08-02
Season Hubley,1951-03-14
Jon Voight,1938-12-29
Michael Ironside,1950-02-12
Tim Matheson,1947-12-31
Gerrit Graham,1948-11-27
Michael O'Keefe,1955-04-24
Ken Wahl,1957-10-31
Allen Garfield,1939-11-22
Mark Blankfield,1950-05-08
Michael Palin,1943-05-05
Raul Julia,1940-03-09
John Hurt,1940-01-22
Robert Urich,1946-12-19
Toni Attell,
Joan Collins,1933-05-23
Bette Midler,1945-12-01
Gérard Depardieu,1948-12-27
Johnny Yune,1936-10-22
Leon Isaac Kennedy,1948-06-01
Ryan O'Neal,1941-04-20
Mel Blanc,1908-05-30
Luciano Pavarotti,1935-10-12
Teresa Stratas,
Tom Skerritt,1933-08-25
Rainer Werner Fassbinder,1945-05-31
Lorne Greene,1915-02-12
Amy Madigan,1950-09-11
John Wintergate,1983-10-21
Elizabeth Edmonds,
Bill Schoppert,
Wendy Hughes,1952-07-29
C. Thomas Howell,1966-12-07
Tom Cruise,1962-07-03
Eddie Murphy,1961-04-03
Tom Berenger,1949-05-31
Dennis Quaid,1954-04-09
Keith Gordon,1961-02-03
Felissa Rose,1969-05-23
Jennifer Beals,1963-12-19
Matthew Broderick,1962-03-21
Sam Shepard,1943-11-05
Ken Marshall,1950-06-27
David Knell,
Christopher Walken,1943-03-31
Phoebe Cates,1963-07-16
Nicolas Cage,1964-01-07
James Woods,1947-04-18
Dan Aykroyd,1952-07-01
Peter Billingsley,1971-04-16
Catherine Deneuve,1943-10-22
Michael Keaton,1951-09-05
Anthony Perkins,1932-04-04
Burt Lancaster,1913-11-02
Matt Lattanzi,1959-02-01
Barbra Streisand,1942-04-24
Randy Norton,
Graham Chapman,1941-01-08
John Cleese,1939-10-27
Oleg Yankovskiy,1944-02-23
Jackie Gleason,1916-02-26
Rick Hill,1946-12-30
Rodney Dangerfield,1921-11-22
David Bowie,1947-01-08
Peter Keleghan,
Cliff Gorman,1936-10-13
Mary Beth McDonough,1961-05-04
Linda Blair,1959-01-22
Peter Strauss,1947-02-20
Tom Selleck,1945-01-29
Kevin Kline,1947-10-24
Don Francks,1932-02-28
Lou Ferrigno,1951-11-09
Christopher Atkins,1961-02-21
Tony Roberts,1939-10-22
Jane Alexander,1939-10-28
Rutger Hauer,1944-01-23
Shô Kosugi,1948-06-17
Kathleen Quinlan,1954-11-19
Mark Gregory,1964-05-02
Reb Brown,1948-04-29
Peter Weller,1947-06-24
David Niven,1910-03-01
Max Gail,1943-04-05
Pia Zadora,1954-05-04
Michael Douglas,1944-09-25
David Keith,1954-05-08
Mary Steenburgen,1953-02-08
Cristina Raines,1952-02-28
Rosanna Arquette,1959-08-10
Julie Christie,1940-04-14
John Candy,1950-10-31
Timothy Hutton,1960-08-16
Bonnie Bedelia,1948-03-25
Malcolm McDowell,1943-06-13
Tommy Lee Jones,1946-09-15
Kelly Reno,1966-06-19
Jeffrey Byron,1955-11-28
Martin Yost,
Linda Griffiths,1953-10-07
Robby Benson,1956-01-21
Margot Kidder,1948-10-17
Steve Sandor,1937-10-27
Ernest Borgnine,1917-01-24
Martin Sheen,1940-08-03
Peter Coyote,1941-10-10
Dennis Hopper,1936-05-17
Wings Hauser,1947-12-12
Everett Silas,
Jan-Michael Vincent,1944-07-15
Richard Beymer,1938-02-20
Mark Pirro,1970-07-01
James Aubrey,1947-08-28
Steve Railsback,1945-11-16
nan,
Kyle MacLachlan,1959-02-22
Ralph Macchio,1961-11-04
Heather Langenkamp,1964-07-17
F. Murray Abraham,1939-10-24
Patrick Swayze,1952-08-18
Noah Hathaway,1971-11-13
Kevin Bacon,1958-07-08
Robert Carradine,1954-03-24
Zach Galligan,1964-02-14
Michael Paré,1958-10-09
Molly Ringwald,1968-02-18
Harry Dean Stanton,1926-07-14
Rob Reiner,1947-03-06
Val Kilmer,1959-12-31
Peter Horton,1953-08-20
Lance Guest,1960-07-21
Tom Hanks,1956-07-09
John Getz,1946-10-15
Sumi Shimamoto,1954-12-08
Erich Anderson,
Grant Cramer,1961-11-10
Rachel Ward,1957-09-12
Helen Slater,1963-12-15
Drew Barrymore,1975-02-22
John Heard,1945-03-07
Sam Waterston,1940-11-15
Catherine Mary Stewart,1959-04-22
Kathleen Turner,1954-06-19
John Lurie,1952-12-14
Judy Davis,1955-04-23
Prince,1993-06-03
Rob Lowe,1964-03-17
Freddie Stuart,
Tanya Roberts,1949-10-15
Christopher Lambert,1957-03-29
Chris Penn,1965-10-10
Tawny Kitaen,1961-08-05
Lucinda Dickey,1960-08-14
Matthew Modine,1959-03-22
Sarah Patterson,
Peter Liapis,
Lenny von Dohlen,1958-12-22
Lilyan Chauvin,1925-08-06
Eric Roberts,1956-04-18
Lisa Hartman,1956-06-01
Aidan Quinn,1959-03-08
Rae Dawn Chong,1961-02-28
Cameron Dye,1959-04-09
James Garner,1928-04-07
Teri Garr,1944-12-11
Lisa Blount,
Avtandil Makharadze,1943-07-16
Gregory Harrison,1950-05-31
Howard E. Rollins Jr.,1950-10-17
Bill Paterson,1945-06-03
Richard Mulligan,1932-11-13
Diane Keaton,1946-01-05
Tab Hunter,1931-07-11
Michael Zorek,1960-05-25
Steven Bauer,1956-12-02
Joe Morton,1947-10-18
Jon Cryer,1965-04-16
Robert Ginty,1948-11-14
Geneviève Bujold,1942-07-01
Judd Nelson,1959-11-28
Pascale Ogier,1958-10-26
Anne Bancroft,1931-09-17
Paul McCartney,1942-06-18
Lorenzo Lamas,1958-01-20
Karen Allen,1951-10-05
Margarita Lozano,1931-02-14
Debra Winger,1955-05-16
Liv Ullmann,1938-12-16
Cynthia Dale,1960-08-11
Louis Ducreux,1911-09-22
John Shea,1949-04-14
Greg Bradford,
Gary Busey,1944-06-29
Patrick Houser,
Steve Bisley,1951-12-26
Christopher Plummer,1929-12-13
Reece Dinsdale,1959-08-06
Brooke Adams,
Danielle Romeo,
Nick Mancuso,1948-05-29
Guy Marchand,1937-05-22
Anthony Michael Hall,1968-04-14
Sean Astin,1971-02-25
Michael J. Fox,1961-06-09
William Petersen,1953-02-21
Eileen Brennan,1932-09-03
Emilio Estevez,1962-05-12
Don Ameche,1908-05-31
Clu Gulager,1928-11-16
Demi Moore,1962-11-11
Jonathan Pryce,1947-06-01
Danny Glover,1946-07-22
John Cusack,1966-06-28
Tatsuya Nakadai,1932-12-13
Maggie Smith,1934-12-28
Chris Sarandon,1942-07-24
Ethan Hawke,1970-11-06
Griffin Dunne,1955-06-08
Robert Englund,1947-06-06
Paul Reubens,1952-08-27
Lori Cardille,
Joyce Hyser,1957-12-20
William Katt,1951-02-16
Grant Bardsley,
Melanie Kinnaman,1953-12-18
Jeffrey Combs,1954-09-09
Taimak,1964-06-27
Biff Yeager,
James Spader,1960-02-07
Lauren Hutton,1943-11-17
Rob Morrow,1962-09-21
Jackie Chan,1954-04-07
Jeff Goldblum,1952-10-22
Mikhail Baryshnikov,1948-01-27
Doug McKeon,1966-06-10
Saeed Jaffrey,1929-01-08
Nicholas Rowe,1966-11-22
Mickey Rourke,1952-09-16
Bruno Lawrence,1941-02-12
Ken Watanabe,1959-10-21
Stan Ivar,1943-01-11
Kurt McKinney,
Mary Beth Hurt,1946-09-25
Ken Ogata,1937-07-20
Kevin Costner,1955-01-18
Meredith Salenger,1970-03-14
Anthony Edwards,1962-07-19
Richard Chamberlain,1934-03-31
Michael Dudikoff,1954-10-08
Powers Boothe,1948-06-01
Helen Shaver,1951-02-24
Lewis Smith,1956-08-01
Mia Farrow,1945-02-09
Anton Glanzelius,
John Stockwell,1961-03-25
Jennifer Connelly,1970-12-12
Stephen Geoffreys,1964-11-22
Shannon Presby,
Betsy Russell,1963-09-06
John Murray,
Louise Lasser,1939-04-11
Kurt Thomas,
James Whitmore,1921-10-01
Sting,
Mel Smith,1952-12-03
Raymond Burr,1917-05-21
Geraldine Page,1924-11-22
Norma Aleandro,1936-05-02
Sheila E.,1957-12-12
John Erwin,1936-12-05
Chin Tsai,
Moreno D'E Bartolli,
Joe Colligan,
Glenn Close,1947-03-19
Lenore Zann,1959-11-22
Georgia Engel,1948-07-28
Richard Farnsworth,1920-09-01
Miranda Richardson,1958-03-03
Susan Dey,1952-12-10
Daniel Jenkins,1963-01-17
Anthony Hopkins,1937-12-31
Timothy Dalton,1946-03-21
Judge Reinhold,1957-05-21
Kate Nelligan,1950-03-16
Coral Browne,1913-07-23
Gabriel Byrne,1950-05-12
Vanessa Redgrave,1937-01-30
Susan Sarandon,1946-10-04
Bettina Bush,
Roland Giraud,1942-02-14
John Rhys-Davies,1944-05-05
Mario Van Peebles,1957-01-15
Gala Videnovic,
Barry Otto,
Ed Harris,1950-11-28
Klaus Maria Brandauer,1943-06-22
Forrest Tucker,1919-02-12
Fionnula Flanagan,1941-12-10
Glenda Jackson,1936-05-09
Raphael Sbarge,1964-02-12
Denise Coward,
Bruce Dern,1936-06-04
John Gordon Sinclair,1962-02-04
Jimmy Keegan,1969-11-03
Peter Bland,
Fabienne Babe,
Jane Snowden,
Nathalie Baye,1948-07-06
Kader Boukhanef,
Barry Jackson,1938-03-29
Isabelle Huppert,1953-03-16
Sigourney Weaver,1949-10-08
Wil Wheaton,1972-07-29
Paul Hogan,1939-10-08
Charlie Sheen,1965-09-03
Isabella Rossellini,1952-06-18
Lea Thompson,1961-05-31
Rick Moranis,1953-04-18
Pat Morita,1932-06-28
Crispin Glover,1964-04-20
Ally Sheedy,1962-06-13
Joey Cramer,1973-08-23
Louise Smith,1916-07-31
Corey Haim,1971-12-23
Thom Mathews,1958-11-28
Jean-Hugues Anglade,1955-07-29
Louis Gossett Jr.,1936-05-27
Gary Oldman,1958-03-21
Michael Rooker,1955-04-06
Bob Hoskins,1942-10-26
Jason Lively,1968-03-12
Erland Josephson,1923-06-15
Bart Conner,1958-03-28
Kate Capshaw,1953-11-03
Vincent Price,1911-05-27
Orson Welles,1915-05-06
Michael Moriarty,1941-04-05
Lucy Deakins,1971-12-18
Jeff Daniels,1955-02-19
Daryl Hannah,1960-12-03
Tracy Camilla Johns,1963-04-12
Gregory Hines,1946-02-14
Tom Waits,1949-12-07
Michel Piccoli,1925-12-27
Kyôko Koizumi,1966-02-04
Noam Almaz,
Karen Black,1939-07-01
Assumpta Serna,1957-09-16
Deborah Foreman,1962-10-12
Helena Bonham Carter,1966-05-26
Yves Montand,1921-10-13
Bryan Brown,1947-06-23
Brian Kerwin,1949-10-25
Oliver Reed,1938-02-13
Danny DeVito,1944-11-17
Richard Jordan,1937-07-19
John Lithgow,1945-10-19
Marc Price,
Dirk Benedict,1945-03-01
Whoopi Goldberg,1955-11-13
Craig Sheffer,1960-04-23
David Byrne,1952-05-14
Peggy Ashcroft,1907-12-22
Matthew Labyorteaux,1966-12-08
Linda Carol,
Stephen Lang,1952-07-11
Diane Franklin,
Farrah Fawcett,1947-02-02
David Dukes,1945-06-06
Marie Rivière,1956-12-22
Andrew Prine,1936-02-14
Daphne Zuniga,
Todd Allen,1979-05-31
Terence Stamp,1938-07-22
Mitchell Gaylord,1961-03-10
Colin Friels,1952-09-25
Sally Kellerman,1937-06-02
Maruschka Detmers,
Patsy Kensit,1968-03-04
Scott Valentine,1958-06-03
Martin Hewitt,1958-02-19
Ted Danson,1947-12-29
Michael Schoeffling,1960-12-10
Neil Dickson,1950-11-26
Dominique Michel,
James Karen,1923-11-28
Blythe Danner,1943-02-03
Pamela Adlon,1966-07-09
Dexter Gordon,1923-02-27
John Bolger,
Daniel Jordano,
Wayne Crawford,1947
Shari Shattuck,1960-11-18
Scott McGinnis,
Maxine Miller,
Mike Norris,1962-10-04
Lorenzo Quinteros,1945-06-14
Hugh Duncan Bigney Mitchell,
Kristina Nehm,
Mary Tyler Moore,1936-12-29
Jonathan Crombie,1966-10-12
Victor Love,
Derek de Lint,1950-07-17
Dennis Christopher,1955-12-02
Leo Fong,1928-11-23
Anouk Aimée,1932-04-27
Cary Elwes,1962-10-26
Jason Patric,1966-06-17
Elisabeth Shue,1963-10-06
Adrian Pasdar,1965-04-30
Andrew McCarthy,1962-11-29
Dolph Lundgren,1957-11-03
Andrew Robinson,1942-02-14
Christian Bale,1974-01-30
Eric Stoltz,1961-09-30
Lorraine Gary,1937-08-16
Patrick Dempsey,1966-01-13
Richard E. Grant,1957-05-05
Mark Harmon,1951-09-02
John Lone,1952-10-13
Lou Diamond Phillips,1962-02-17
Andre Gower,1973-04-27
Donald Pleasence,1919-10-05
Bruno Ganz,1941-03-22
James Wilby,1958-02-20
George Kennedy,1925-02-18
Terry O'Quinn,1952-07-15
Robert Sean Leonard,1969-02-28
Louise Fletcher,1934-07-22
Hume Cronyn,1911-07-18
Jason Bateman,1969-01-14
Stephen Dorff,1973-07-29
Jim Varney,1949-06-15
Anthony Barrile,
Melanie Griffith,1957-08-09
Kim Basinger,1953-12-08
Gaspard Manesse,
Siobhan Finneran,1966-04-27
Sarah Miles,1941-12-31
Stéphane Audran,1932-11-08
Anthony Newley,1931-09-24
Marianne Sägebrecht,1945-08-27
Casey Siemaszko,1961-03-17
David Paul,1957-03-08
Matt Adler,1966-12-08
Arye Gross,1960-03-17
Lindsay Crouse,
Denzel Washington,1954-12-28
Frankie Avalon,1940-09-18
Madonna,1958-08-16
Chris Cooper,1951-07-09
Pelle Hvenegaard,1975-08-29
Ross Bagdasarian Jr.,1949-05-06
Susanna Hoffs,1959-01-17
Lisa Schrage,1963-03-02
Michael E. Knight,1959-05-07
John Allen Nelson,
Jim Belushi,1954-06-15
Colin Firth,1960-09-10
Shelley Long,1949-08-23
Lane Smith,1936-04-29
Emily Lloyd,1970-09-29
Kelly McGillis,1957-07-09
Christine Lahti,1950-04-04
Tom Hulce,1953-12-06
Michael Biehn,1956-07-31
Eric Freeman,1965-07-13
Linnea Quigley,1958-05-27
Deborah Winters,1953-11-27
Ellen Barkin,1954-04-16
Bill Cosby,1937-07-12
Emmanuelle Chaulet,
Robert Townsend,1957-02-06
Anjelica Huston,1951-07-08
Joëlle Miquel,
Christopher Lloyd,1938-10-22
Martin Short,1950-03-26
John Malkovich,1953-12-09
Lori Lethin,1955-08-04
Sy Richardson,
Jason Gedrick,1965-02-07
Loren Avedon,1962-07-30
James Russo,1953-04-23
Jodie Foster,1962-11-19
Julie Walters,1950-02-22
Heather Thomas,1957-09-08
Derek Jacobi,1938-10-22
Noah Taylor,1969-09-04
Brian Dennehy,1938-07-09
Bill Paxton,1955-05-17
Sergio Rubini,1959-12-21
Darren Robinson,
Zelda Rubinstein,
Elaine Stritch,1925-02-02
Rod Steiger,
Whip Hubley,1957-05-17
Fred Dryer,1946-07-06
Brad Davis,1949-11-06
Eddie Deezen,1957-03-06
Joanne Woodward,1930-02-27
Sally Kirkland,1941-10-31
Bruce Willis,1955-03-19
Alec Baldwin,1958-04-03
River Phoenix,1970-08-23
Roddy Piper,1954-04-17
Winona Ryder,1971-10-29
Annabeth Gish,1971-03-13
Mitsuo Iwata,1967-07-31
Philippe Noiret,
Catherine Hicks,1951-08-06
Hitoshi Takagi,1925-02-26
Jean-Claude Van Damme,1960-10-18
Willem Dafoe,1955-07-22
Pat Hingle,1924-07-19
Geena Davis,1956-01-21
Sonny Bono,1935-02-16
Jeremy Irons,1948-09-19
Jean-Marc Barr,1960-09-27
Daniel Day-Lewis,1957-04-29
Shawnee Smith,1969-07-03
Joey Lawrence,1976-04-20
Sherilyn Fenn,1965-02-01
John Neville,1925-05-02
Cassandra Peterson,1951-09-17
Christine Ebersole,1953-02-21
Steven Seagal,1952-04-10
Keenen Ivory Wayans,1958-06-08
Lance Henriksen,1940-05-05
Terry Kiser,1939-08-01
Doug Bradley,1954-09-07
Amanda Donohoe,1962-06-29
Tami Erin,1974-07-08
Edward James Olmos,1947-02-24
Carmen Maura,1945-09-15
Bubba Smith,1945-02-28
Cathy Podewell,1964-01-27
Heather O'Rourke,1975-12-27
Andy Lau,1961-09-27
William Ragsdale,1961-01-19
Jackie Mason,1928-06-09
Laurence Fishburne,1961-07-30
Pierce Brosnan,1953-05-16
Fisher Stevens,1963-11-27
Bill Pullman,1953-12-17
Jason Beghe,1960-03-12
Davor Dujmovic,1969-09-20
James Le Gros,
Carl Weathers,1948-01-14
Sidney Poitier,1927-02-20
George Dzundza,1945-07-19
Lukas Haas,1976-04-16
Phil Collins,1951-01-30
Scott Grimes,1971-07-09
Eric Bogosian,1953-04-24
Justine Bateman,1966-02-19
Tchéky Karyo,1953-10-04
Rubén Blades,1948-07-16
Charlie Schlatter,
Forest Whitaker,1961-07-15
Shafiq Syed,
Yahoo Serious,1953-07-27
Tom Burlinson,1956-02-14
Rebecca De Mornay,
Phil Davis,1953-07-30
Cyndi Lauper,1953-06-22
Delphine Zentout,
Bernard Hill,1944-12-17
Traci Lords,1968-05-07
Robert Downey Jr.,1965-04-04
Billy Crystal,1948-03-14
Isaach De Bankolé,1957-08-12
Jennifer Rubin,
Gena Rowlands,1930-06-19
Charlotte Burke,
Cliff De Young,1945-02-12
Jennifer Jason Leigh,1962-02-05
Amy Irving,1953-09-10
Bobcat Goldthwait,1962-05-26
John Glover,1944-08-07
George Newbern,1964-12-30
Richard Hatch,1945-05-21
Joanna Pacula,1957-12-30
Tim Daly,1956-03-01
Natasha Richardson,1963-05-11
Imogen Stubbs,1961-02-20
Tony Pierce,
Meg Tilly,1960-02-14
Alan Boyce,
Theresa Russell,1957-03-20
Pete Postlethwaite,1946-02-07
Hart Bochner,1956-10-03
Keanu Reeves,1964-09-02
Jodi Benson,1961-10-10
Danny Aiello,1933-06-20
Dale Midkiff,1959-07-01
Pauline Collins,1940-09-03
Richard Bohringer,1942-01-16
Julian Sands,1958-01-04
Fred Savage,1976-07-09
'Weird Al' Yankovic,1959-10-23
Victoria Abril,1959-07-04
Nicole Kidman,1967-06-20
Morgan Freeman,1937-06-01
Corey Feldman,1971-07-16
Greg Evigan,1953-10-14
Kenneth Branagh,1960-12-10
Jensen Daggett,1969-06-24
Robyn Lively,1972-02-07
Michael Murphy,1938-05-05
Masatoshi Nagase,1966-07-15
Sammi Davis,1964-06-21
Christian Slater,1969-08-18
Tim Robbins,1958-10-16
Martin Landau,1928-06-20
Cybill Shepherd,1950-02-18
Gabriel Damon,1976-04-23
Dick Durock,1937-01-18
Gary Graham,1950-06-06
Hulk Hogan,1953-08-11
Randy Quaid,1950-10-01
Staci Keanan,
Stephen Caffrey,1975-12-09
Edward Asner,1929-11-15
Adrienne Shelly,1966-06-24
Ron Fazio,
Don Johnson,1949-12-15
Takeshi Kitano,1947-01-18
Kiefer Sutherland,1966-12-21
Lorraine Bracco,1954-10-02
Geneviève Lemon,1958-04-21
Kirk Cameron,1970-10-12
Holly Hunter,1958-03-20
Dexter Fletcher,1966-01-31
Michael Chiklis,1963-08-30
Lothaire Bluteau,1957-04-14
Jillian McWhirter,
Hoyt Axton,1938-03-25
Bernadette Peters,1948-02-28
Stephen Shellen,1957-06-17
Dorota Segda,1966-02-12
Andrew Stevens,1955-06-10
Jenny Wright,1962-03-23
Ron Silver,1946-07-02
David Bradley,
Keith Coogan,1970-01-13
Michel Blanc,1952-04-16
Sam Elliott,1944-08-09
Jesse Birdsall,1963-02-13
Peter Falk,1927-09-16
Josef Sommer,1934-06-26
Clark Brandon,1958-12-13
Jonathan Emerson,
Annabella Sciorra,1960-03-29
John Larroquette,1947-11-25
Jim Brown,1936-02-17
Macaulay Culkin,1980-08-26
Judith Hoag,1963-06-29
Johnny Depp,1963-06-09
Liam Neeson,1952-06-07
Balthazar Getty,1975-01-22
Anne Parillaud,1960-05-06
Alex Vincent,1981-04-29
Richard Linklater,1960-07-30
Leslie Cheung,1956-09-12
Michael Oliver,1981-10-10
Christopher Reid,
Tony Todd,1954-12-04
Fred Ward,1942-12-30
Jonathan Brandis,1976-04-13
Kate Hodge,1966-01-02
James Lorinz,
Andrew Dice Clay,1957-09-29
Keely Christian,
Akira Terao,1947-05-18
Bradley Gregg,1966-11-08
Hossain Sabzian,
Dylan McDermott,1961-10-26
Marlon Brando,1924-04-03
Gary Kemp,1959-10-16
David Andrews,1952-11-02
Debbie Harry,1945-07-01
Carolyn Farina,
Solomon Perel,1925-04-21
Juliet Stevenson,1956-10-30
Alan Young,1919-11-19
Alison Steadman,1946-08-26
George O'Hanlon,1912-11-23
Jenny Seagrove,1957-07-04
Richard Harris,1930-10-01
Gong Li,1965-12-31
Jean Rochefort,1930-04-29
Richard Alexander,1902-11-19
Jared Rushton,1974-03-03
Patrick Bergin,1951-02-04
Eric Idle,1943-03-29
Kerry Fox,1966-07-30
Roger Rose,
Chris Young,1971-04-28
Frances McDormand,1957-06-23
Douglas Barr,1949-05-01
Ed Begley Jr.,1949-09-16
James Bond III,
Philippe Caubère,
Tim Roth,1961-05-14
Christina Applegate,1971-11-25
Laura Harring,1964-03-03
Anne Teyssèdre,
Dabney Coleman,1932-01-03
Louis Tripp,
Tilda Swinton,1960-11-05
J. Eddie Peck,1958-10-10
Miou-Miou,1950-02-22
Alice Diabo,
Dana Carvey,1955-06-02
Kirstie Alley,1951-01-12
Nicole Eggert,1972-01-13
Fabrice Luchini,1951-11-01
Takaaki Enoki,1956-01-05
Kenny Ireland,1945-08-07
Lena Stolze,1956-08-08
Michael Gottli,
Cuba Gooding Jr.,1968-01-02
Frank Whaley,1963-07-20
Maribel Verdú,1970-10-02
Paige O'Hara,1956-05-10
Kathy Bates,1948-06-28
Billy Campbell,1959-07-07
Anna Chlumsky,1980-12-03
Lawrence Ng,1964-05-19
Julia Roberts,1967-10-28
Brian Krause,1969-02-01
John Turturro,1957-02-28
Paige Turco,1965-05-17
Robert Arkins,
Irène Jacob,1966-07-15
Wesley Snipes,1962-07-31
Brandon Quintin Adams,1979-08-22
Marie-Laure Dougnac,1962-02-01
Justin Whalin,1974-09-06
Juliette Binoche,1964-03-09
Brian Bosworth,1965-03-09
Gabrielle Anwar,1970-02-04
Miki Imai,
David Morse,1953-10-11
James Stewart,1908-05-20
Alan Rickman,1946-02-21
Joe Mantegna,1947-11-13
Mimi Rogers,1956-01-27
Kristy Swanson,1969-12-19
Glen Campbell,1936-04-22
Scott Bakula,1954-10-09
Vanilla Ice,1967-10-31
Nina Siemaszko,1970-07-14
Ed O'Neill,1946-04-12
Jill Schoelen,1963-03-21
Richard Grieco,1965-03-23
Ned Beatty,1937-07-06
Barbara Sukowa,1950-02-02
Brad Pitt,1963-12-18
Edith Meeks,
John Goodman,1952-06-20
Alfred Molina,1953-05-24
Diego Abatantuono,1955-05-20
Jeff Speakman,1958-11-08
Steven Waddington,
Claire Bloom,1931-02-15
Laura Dern,1967-02-10
John Gielgud,
Elias Koteas,1961-03-11
Sachiko Murase,1905-03-21
Sasha Mitchell,1967-07-27
Joe Pesci,1943-02-09
Hugo Weaving,1960-04-04
Sharon Stone,1958-03-10
Cindy Williams,1947-08-22
Jeff Fahey,1952-11-29
Tommy Davidson,1963-11-10
Harley Jane Kozak,1957-01-28
Anthony LaPaglia,1959-01-31
Cora Lee Day,
Daniel Giménez Cacho,1961-05-15
Vincent Spano,1962-10-18
Robert Carlyle,1961-04-14
Kevin Anderson,1960-01-13
Madeleine Stowe,
Peter Berg,1964-03-11
Jacques Dutronc,1943-04-28
Roberto Benigni,1952-10-27
Liza Minnelli,1946-03-12
Harvey Keitel,1939-05-13
Virginia Madsen,1961-09-11
Scott Weinger,1975-10-05
Stephen Rea,1946-10-31
Bridget Fonda,1964-01-27
Mike Myers,1963-05-25
Sheryl Lee,1967-04-22
Charles Grodin,1935-04-21
Jane March,1973-03-20
Timothy Balme,1967-01-18
Carlos Gallardo,1966-06-22
Hugh Grant,1960-09-09
Edward Furlong,1977-08-02
Samantha Mathis,1970-05-12
Brendan Fraser,1968-12-03
Omar Epps,1973-07-20
Benoît Poelvoorde,1964-09-22
Victor Wong,
Terry Farrell,
D.B. Sweeney,1961-11-14
Penélope Cruz,1974-04-28
Terence Knox,1946-12-16
Paul Mercurio,1963-03-31
James Marshall,1967-01-02
Richard Kind,1956-11-22
Russell Crowe,1964-04-07
George Strait,1952-05-18
Larry Drake,1950-02-21
Andy Garcia,1956-04-12
Faizon Love,1968-06-14
Hugh Laurie,1959-06-11
Marco Leonardi,1971-11-14
Olivier Gruner,1960-08-02
Damon Wayans,1960-09-04
Tate Donovan,1963-09-25
Brandon Lee,1965-02-01
Glenn Plummer,1961-08-18
Daniel Auteuil,1950-01-24
Miho Nikaido,
Sean Young,1959-11-20
Chingmy Yau,1968-05-16
Fernando Fernán Gómez,1921-08-28
Daniel Schlachet,
Maarten Smit,
Steve Buscemi,1957-12-13
Dermot Mulroney,1963-10-31
Mary McDonnell,1952-04-28
Emmanuel Salinger,
Trisha Todd,
Meg Ryan,1961-11-19
Samuel Fröler,1957-03-24
Ray Liotta,1954-12-18
Dolly Parton,1946-01-19
Chao-jung Chen,1968-11-01
Mike Dytri,1992-08-21
Robert John Burke,1960-09-12
Maxime Collin,1979-12-06
Michael Rapaport,1970-03-20
Mansour Diouf,
Charlotte Véry,
Peter Greene,1965-10-08
Tomorô Taguchi,
Jason Scott Lee,1966-11-19
Andie MacDowell,1958-04-21
Penelope Ann Miller,1964-01-13
Julie Kavner,1950-09-07
Robert Wuhl,1951-10-09
Bronson Pinchot,1959-05-20
Helena Bergström,1964-02-05
Leigh McCormack,
Jet Li,1963-04-26
Tom Guiry,1981-10-12
Jason London,1972-11-07
David Thewlis,1963-03-20
Danny Elfman,1953-05-29
Thomas Ian Nicholas,1980-07-10
Damian Chapa,1963-10-29
Tyrin Turner,1972-07-17
Kate Maberly,1982-03-14
Jason James Richter,1980-01-29
Warwick Davis,1970-02-03
Angela Bassett,1958-08-16
Pauly Shore,1968-02-01
Kent McCord,1942-09-26
John D. LeMay,1962-03-07
Diedrich Bader,1966-12-24
Federico Luppi,1936-02-23
Dominique Horwitz,1957-04-23
Shane McDermott,1992-02-18
Janet Jackson,1966-05-16
Tamlyn Tomita,1966-01-27
Charlotte Gainsbourg,1971-07-21
Kevin Conroy,1955-11-30
Max von Sydow,1929-04-10
Ashley Judd,1968-04-19
Will Smith,1968-09-25
Jesse Bradford,1979-05-28
Ernie Reyes Sr.,1947-02-12
Christian Clavier,1952-05-06
Elijah Wood,1981-01-28
Mark Dacascos,1964-02-26
Angel Aviles,
Chris Rock,1965-02-07
Jason Priestley,1969-08-28
Hiep Thi Le,1971-02-18
Alan Arkin,1934-03-26
Michael Crawford,1942-01-19
Uma Thurman,1970-04-29
Andrew Lowery,1993-08-06
Nu Yên-Khê Tran,
Karina Lombard,1969-01-21
Rongguang Yu,
Otto Sander,1941-06-30
Reese Witherspoon,1976-03-22
Winston Chao,1960-06-09
Paul Gross,1959-04-30
Dennis Haysbert,1954-06-02
Rip Torn,1931-02-06
Diane Ladd,1935-11-29
Tatsuo Matsumura,1914-12-18
Nanni Moretti,1953-08-19
James Duval,
Kim Vithana,1969-06-04
Alan Bates,1934-02-17
Darci Kistler,1964-06-04
Brad Johnson,
Derek Jarman,1942-01-31
Larry B. Scott,1961-08-17
Eric Christmas,1916-03-19
Jacob Tierney,1979-09-26
Jean Reno,1948-07-30
Jim Carrey,1962-01-17
Travis Tedford,1988-08-19
Woody Harrelson,1961-07-23
Brigitte Lin,1954-11-03
Melanie Lynskey,1977-05-16
Brian O'Halloran,1969-12-20
Jonathan Jackson,1982-05-11
Linda Fiorentino,1958-03-09
Patrick Stewart,1940-07-13
Lara Flynn Boyle,1970-03-24
Renée Zellweger,1969-04-25
Toni Collette,1972-11-01
Brian Bonsall,1981-12-03
Marisa Tomei,1964-12-04
Rena Owen,1962-07-22
Dana Delany,1956-03-13
Tim Allen,1953-06-13
Ralph Fiennes,1962-12-22
Zbigniew Zamachowski,1961-07-17
Emmanuelle Béart,1963-08-14
Bruce Greenwood,1956-08-12
Robert Patrick,1958-11-05
Jeremy Piven,1965-07-26
Massimo Troisi,1953-02-19
Luke Perry,1966-10-11
Nigel Hawthorne,1929-04-05
Antonio Banderas,1960-08-10
Jeni Courtney,
Duane Martin,1965-08-11
G.W. Bailey,1944-08-27
Luke Edwards,2002-01-12
Sophia Loren,1934-09-20
Alfre Woodard,1952-11-08
Jeremy Davies,1969-10-08
Richard Attenborough,1923-08-29
Jack Palance,1919-02-18
Allen Payne,1968-07-07
Sihung Lung,1930-01-01
Tina Majorino,1985-02-07
Rupert Everett,1959-05-29
Brad Dourif,1950-03-18
Chris Elliott,1960-05-31
Sean Bean,1959-04-17
Mackenzie Astin,1973-05-12
Mohamad Ali Keshavarz,1930-04-15
You Ge,1957-04-19
Denis Leary,1957-08-18
Julia Sweeney,1959-10-10
Thora Birch,1982-03-11
Sean Nelson,1973-06-12
Kevin Spacey,1959-07-26
Gunnar Hansen,1947-03-04
Stefano Dionisi,
Linus Roache,1964-02-01
Taylor Nichols,1959-03-03
Katrin Cartlidge,1961-05-15
Nikita Mikhalkov,1945-10-21
Gregg Fitzgerald,
Jack Thompson,1940-08-31
Brian Benben,1956-06-18
Larenz Tate,1975-09-08
Patricia Arquette,1968-04-08
Adam Beach,1972-11-11
Lisa Donaldson,
Alicia Silverstone,1976-10-04
Laura Linney,1964-02-05
Leo Fitzpatrick,1978-08-10
Shannen Doherty,1971-04-12
Elizabeth Berkley,1974-07-28
Ice Cube,1969-06-15
Emma Thompson,1959-04-15
Leonardo DiCaprio,1974-11-11
Adam Sandler,1966-09-09
Karan Ashley,1975-09-28
Natasha Henstridge,1974-08-15
Jonny Lee Miller,1972-11-15
Vincent Cassel,1966-11-23
Tom McGowan,1959-07-26
Lori Petty,1963-10-14
Christina Ricci,1980-02-12
Bill Farmer,1952-11-14
Atsuko Tanaka,
Sandra Bullock,1964-07-26
Chris Farley,1964-02-15
James Cromwell,1940-01-27
Ron Perlman,1950-04-13
Liesel Matthews,1984-03-14
David Caruso,1956-01-07
Schuyler Fisk,1982-07-08
Whitney Houston,1963-08-09
Heather Matarazzo,
Hal Scardino,1984-12-25
Josh Hamilton,1981-05-21
Billy Zane,1966-02-24
Jonathan Taylor Thomas,1981-09-08
Clarence Williams III,1939-08-21
Pascale Bussières,1968-06-27
Predrag 'Miki' Manojlovic,
William Baldwin,1963-02-21
Matt Frewer,1958-01-04
Julianne Moore,1960-12-03
Chris O'Donnell,1970-06-26
Ian McKellen,1939-05-25
Álex Angulo,1953-04-12
Audie England,1967-07-12
Pruitt Taylor Vince,1960-07-05
Mark Rylance,1960-01-18
Joseph Mazzello,1983-09-21
Olivier Martinez,1966-01-12
Fanny Ardant,1949-03-22
Jimmy Smits,1955-07-09
Jack Mulcahy,
Cameron Diaz,1972-08-30
Daniel Stern,1957-08-28
Lili Taylor,1967-02-20
Marisa Paredes,1946-04-03
Steven Weber,1961-03-04
Charlie Talbert,
Parker Posey,1968-11-08
Sinbad,1956-11-10
Aida Mohammadkhani,1987-06-02
Ian Hart,1964-10-08
Laurel Holloman,1971-05-23
Max Grodénchik,1952-11-12
Shar-Ron Corley,
Sergio Castellitto,1953-08-18
Virginie Ledoyen,1976-11-15
Sarah Jessica Parker,1965-03-25
Willeke van Ammelrooy,1944-04-05
Kadeem Hardison,1965-07-24
Michael Jordan,1963-02-17
Neve Campbell,1973-10-03
William H. Macy,1950-03-13
Ewan McGregor,1971-03-31
Helen Hunt,1963-06-15
Matthew McConaughey,1969-11-04
Robin Tunney,1972-06-19
Mark Wahlberg,1971-06-05
Luke Wilson,1971-09-21
Jennifer Tilly,1958-09-16
Billy Bob Thornton,1955-08-04
Vince Vaughn,1970-03-28
Shawn Wayans,1971-01-19
Philip Baker Hall,1931-09-10
Tony Shalhoub,1953-10-09
Jada Pinkett Smith,1971-09-18
Paul Terry,1985-11-07
Gwyneth Paltrow,1972-09-27
Naveen Andrews,
Kim Bodnia,1965-04-12
Christopher Guest,1948-02-05
Timothy Spall,1957-02-27
Mike Judge,1962-10-17
Pamela Anderson,1967-07-01
Emily Watson,1967-01-14
Teri Hatcher,1964-12-08
Shaquille O'Neal,1972-03-06
Kelsey Grammer,1955-02-21
Edward Burns,1968-01-29
Geoffrey Rush,1951-07-06
Michelle Trachtenberg,1985-10-11
Dennis Miller,1953-11-03
Vincent Perez,1964-06-10
Jeffrey Wright,1965-12-07
Tim Curry,1946-04-19
Bruce Ramsay,1966-12-31
Scarlett Johansson,1984-11-22
Glen Berry,1978-04-21
Christopher Eccleston,1964-02-16
Michael J. Pollard,1939-05-30
Maggie Cheung,1964-09-20
Hedy Burress,1973-10-03
Ben Stiller,1965-11-30
Jerry O'Connell,1974-02-17
Melvil Poupaud,1973-01-26
Giovanni Ribisi,1974-12-17
Jason Alexander,1959-09-23
Tom Arnold,1959-03-06
Hope Davis,1964-03-23
Martin Lawrence,1965-04-16
Molly Parker,1972-06-30
Vincent D'Onofrio,1959-06-30
Greg Kinnear,1963-06-17
David Schwimmer,1966-11-02
Vivian Wu,1966-02-05
Samuel L. Jackson,1948-12-21
Theresa Randle,1964-12-27
Dave Foley,1963-01-04
Jon Lovitz,1957-07-21
Steven Soderbergh,1963-01-14
Colm Meaney,1953-05-30
Robin Wright,1966-04-08
Blake Heron,1982-01-11
Ellen DeGeneres,1958-01-26
Daniel Bernhardt,1965-08-31
Jermaine Hopkins,1973-08-23
Illeana Douglas,1965-07-25
Matt LeBlanc,1967-07-25
Casper Van Dien,1968-12-18
Pam Grier,1949-05-26
Alex D. Linz,1989-01-03
Yôji Matsuda,
Matt Damon,1970-10-08
Jennifer Love Hewitt,1979-02-21
Nicole de Boer,1970-12-20
Matthew Perry,1969-08-19
Kel Mitchell,1978-08-25
Junko Iwao,1970-02-18
Michael Jai White,1967-11-10
Mira Sorvino,1967-09-28
Nick Sutton,
Stephen Fry,1957-08-24
Ben Affleck,1972-08-15
Djimon Hounsou,1964-04-24
Robin Shou,1960-07-17
Mel B,1975-05-29
Jennifer Lopez,1969-07-24
George Clooney,1961-05-06
Nathan Lane,1956-02-03
Liv Tyler,1977-07-01
Eduardo Noriega,
Trey Parker,1969-10-19
Vanessa Williams,1963-03-18
Mohammad Amir Naji,1942-12-26
Tom Everett Scott,1970-09-07
Rowan Atkinson,1955-01-06
Homayoun Ershadi,1947-03-25
Tammy Lauren,1968-11-16
Halle Berry,1966-08-14
Howard Stern,1954-01-12
Jennifer Aniston,1969-02-11
Ian Holm,1931-09-12
Harland Williams,1962-11-14
Tenzin Thuthob Tsarong,
Masato Hagiwara,1971-08-21
Liberto Rabal,
Michael Jeter,1952-08-26
Michael Caton,1943-07-21
Jason David Frank,1973-09-04
Fran Drescher,1957-09-30
Judi Dench,1934-12-09
Stellan Skarsgård,1951-06-13
Jamie Foxx,1967-12-13
Miguel Ferrer,1955-02-07
Kevin Sorbo,1958-09-24
John Leguizamo,1960-07-22
Angus Macfadyen,1963-09-21
Tupac Shakur,1971-06-16
Paul McGann,1959-11-14
Sophie Marceau,1966-11-17
Peter Fonda,1940-02-23
Jared Leto,1971-12-26
Will Friedle,1976-08-11
Sam Rockwell,1968-11-05
Til Schweiger,1963-12-19
Llyr Ifans,
Christopher McDonald,1955-02-15
Thomas Jane,1969-02-22
Marlon Wayans,1972-07-23
Joshua Schaefer,
Stephen Dillane,1957-03-27
Rachel Weisz,1970-03-07
David Duchovny,1960-08-07
Aaron Eckhart,1968-03-12
Alyssa Milano,1972-12-19
Bill Bellamy,1965-04-07
Julia Ormond,1965-01-04
Michael Richards,1949-07-24
Janeane Garofalo,1964-09-28
Edward Norton,1969-08-18
Jason Flemyng,1966-09-25
Lindsay Lohan,1986-07-02
Jordana Brewster,1980-04-26
Ming-Na Wen,1963-11-20
Jim Caviezel,1968-09-26
Tobey Maguire,1975-06-27
Jason Schwartzman,1980-06-26
Rufus Sewell,1967-10-29
Kirsten Dunst,1982-04-30
Ulrich Thomsen,1963-12-06
Sean Gullette,1968-06-04
Jane Adams,
Cate Blanchett,1969-05-14
Ryan Phillippe,1974-09-10
Vincent Gallo,
James Marsden,1973-09-18
Franka Potente,1974-07-22
Dave Chappelle,1973-08-24
Jeremy Theobald,
Philippe Nahon,1938-12-24
Shah Rukh Khan,1965-11-02
Chris Kattan,1970-10-19
Jeffrey Falcon,1962-01-01
Charles Berling,1958-04-30
Matthew Lillard,1970-01-24
Chow Yun-Fat,1955-05-18
Samy Naceri,1961-07-02
Clive Owen,1964-10-03
Norm MacDonald,1959-10-17
Chloë Sevigny,1974-11-18
Carlo Cecchi,1939-01-25
Veronica Taylor,1965-12-04
Nas,1973-09-14
Ian Bannen,1928-06-29
Magda Szubanski,1961-04-12
Jessalyn Gilsig,
Alexandra Dahlström,1984-02-12
Kieran Culkin,1982-09-30
Ian Michael Smith,1987-05-05
Bodil Jørgensen,1961-03-03
Bajram Severdzan,
Radha Mitchell,1973-11-12
Gillian Anderson,1968-08-09
Elizabeth Daily,1961-09-11
LisaRaye McCoy,1967-09-23
Catherine McCormack,1972-04-03
Fernanda Montenegro,1929-10-16
Billy Crudup,1968-07-08
Joseph Cross,1986-05-28
Jay Mohr,1970-08-23
Kate Winslet,1975-10-05
Oprah Winfrey,1954-01-29
Loni Anderson,1945-08-05
Najwa Nimri,1972-02-14
Howie Long,1960-01-06
Natasha Lyonne,1979-04-04
Kevin Gage,1959-05-26
Thierry Lhermitte,1952-11-24
Arata Iura,1974-09-15
George Hearn,1934-06-18
Paul Walker,1973-09-12
Brenda Blethyn,1946-02-20
Shôtarô Morikubo,1974-02-25
Thandiwe Newton,1972-11-06
Joaquin Phoenix,1974-10-28
Chris Stafford,
Jerry Springer,1944-02-13
Brendan Gleeson,1955-03-29
Stephen McCole,
Kathleen Fee,
Amy Brenneman,1964-06-22
Jason Biggs,1978-05-12
Heath Ledger,1979-04-04
Ron Livingston,1967-06-05
Sarah Michelle Gellar,1977-04-14
Heather Donahue,1974-12-22
James Van Der Beek,1977-03-08
Freddie Prinze Jr.,1976-03-08
Tony Goldwyn,1960-05-20
Eli Marienthal,1986-03-06
Caroline Ducey,1976-12-12
Rob Schneider,1963-10-31
Hilary Swank,1974-07-30
Rose McGowan,1973-09-05
Diane Lane,1965-01-22
Jake Gyllenhaal,1980-12-19
Jude Law,1972-12-29
Sarah Polley,1979-01-08
Devon Sawa,1978-09-07
Milla Jovovich,1975-12-17
Tommy Flanagan,1930-03-16
Guy Pearce,1967-10-05
Frances O'Connor,1967-06-12
Guillaume Depardieu,1971-04-07
Helen Mirren,1945-07-26
Craig Bierko,1964-08-18
Cecilia Roth,1956-08-08
Melissa Joan Hart,1976-04-18
Juliette Lewis,1973-06-21
John Simm,1970-07-10
Claire Danes,1979-04-12
Molly Shannon,1964-09-16
Taye Diggs,1971-01-02
Ray Winstone,1957-02-19
Wendy Crewson,1956-05-09
Joe Basile,
Emmanuel Schotté,
Denis Lavant,1961-06-17
James Levine,1943-06-23
Emily Bergl,1975-04-25
Charlize Theron,1975-08-07
Dave Goelz,1946-07-16
Behzad Dorani,
Elayn J. Taylor,
French Stewart,1964-02-20
Kevin Clash,1960-09-17
Annette Bening,1958-05-29
Jim Broadbent,1949-05-24
Shawn Hatosy,1975-12-29
Takehiro Murata,
Om Puri,1950-10-18
Bonnie Root,1975-08-24
Ewen Bremner,1972-01-23
Michael Dobson,1966-08-12
Loren Dean,1969-07-31
David Spade,1964-07-22
Joachim Król,1957-06-17
Alessandro Nivola,1972-06-28
Hank Azaria,1964-04-25
Rebecca Pidgeon,1965-10-10
Adrien Brody,1973-04-14
Hossein Mahjoub,
Émilie Dequenne,1981-08-29
Christian Campbell,1972-05-12
Martin Arrowsmith,
Maria Schrader,1965-09-27
Owen Wilson,1968-11-18
Will Keenan,
John Standing,1934-08-16
Jeremy Northam,1961-12-01
Vanessa Paradis,1972-12-22
Noah Fleiss,1984-04-16
Jason Statham,1967-07-26
Monica Bellucci,1964-09-30
Anna Faris,1976-11-29
Piper Perabo,1976-10-31
Breckin Meyer,1974-05-07
Tony Chiu-Wai Leung,
Ashton Kutcher,1978-02-07
Emily Perkins,1977-05-04
David Arquette,1971-09-08
Fred Willard,1933-09-18
Jamie Bell,1986-03-14
Emilio Echevarría,1944-07-03
Asia Argento,1975-09-20
Björk,1965-11-21
Natalie Portman,1981-06-09
Sanaa Lathan,1971-09-19
Jonathan Lipnicki,1990-10-22
Mark Addy,
Raffaëla Anderson,1976-01-08
Gerard Butler,1969-11-13
Joshua Jackson,1978-06-11
Eric Bana,1968-08-09
Amanda Schull,
Charlotte Ayanna,1976-09-25
Jeffrey Donovan,1968-05-11
Nien-Jen Wu,1952-08-05
Colin Farrell,1976-05-31
Shane West,1978-06-10
Mike White,
Javier Bardem,1969-03-01
Famke Janssen,
Lauren Ambrose,1978-02-20
Jung Suh,
Bernard Giraudeau,1947-06-18
Jennifer Morrison,
Andrew Philpot,
Lars Rudolph,1966-08-18
Tim Meadows,1961-02-05
Joan Allen,1956-08-20
Ricardo Darín,1957-01-16
Timothy Olyphant,1968-05-20
Lori Heuring,1973-04-06
Michelle Rodriguez,1978-07-12
Frankie Muniz,1985-12-05
Charlotte Rampling,1946-02-05
Ricardo Meneses,2000-09-08
Kamal Haasan,1954-11-07
Huey Lewis,1950-07-05
Philip Seymour Hoffman,1967-07-23
Christine Cavanaugh,1963-08-16
Marie-Josée Croze,1970-02-23
Lars Nordh,
Licia Maglietta,1954-11-16
Sadie Frost,1965-06-19
Minnie Driver,1970-01-31
Chris Klein,1979-03-14
Jim Cummings,1952-11-03
Garry Shandling,1949-11-29
Heather Graham,1970-01-29
Lisa Lindgren,
Lara Jill Miller,1967-04-20
Hrithik Roshan,1974-01-10
Delta Burke,1956-07-30
Susie Porter,
Xun Zhou,1974-10-18
Daniel Radcliffe,1989-07-23
Vin Diesel,1967-07-18
Naomi Watts,1968-09-28
Daveigh Chase,1990-07-24
Chyler Leigh,1982-04-10
Josh Hartnett,1978-07-21
Audrey Tautou,1976-08-09
Haley Joel Osment,1988-04-10
Jay Chandrasekhar,1968-04-09
Jack Black,1969-08-28
Gina Philips,1970-05-10
Paz Vega,1976-01-02
Alexa PenaVega,1988-08-27
Brad Renfro,1982-07-25
Angelina Jolie,1975-06-04
Julia Stiles,1981-03-28
Method Man,1971-03-02
Steve Zahn,1967-11-13
Kane Hodder,1955-04-08
Jason Mewes,1974-06-12
Samuel Le Bihan,1965-11-02
Anaïs Reboux,
Flex Alexander,1970-04-15
John Cameron Mitchell,1963-04-21
Alexsandra Wright,1971-02-17
Tom Green,1971-07-30
Haruhiko Katô,
Hayden Christensen,1981-04-19
Tadanobu Asano,1973-11-27
Shannon Elizabeth,1973-09-07
Tom Wilkinson,1948-02-05
Rachael Leigh Cook,1979-10-04
Stephen Chow,1962-06-22
Debi Derryberry,
Beau Billingslea,
Joseph Gordon-Levitt,1981-02-17
Aamir Khan,1965-03-14
Denise Richards,1971-02-17
Marla Sokoloff,1980-12-19
Ryan Gosling,1980-11-12
Vinnie Jones,1965-01-05
Dougray Scott,1965-11-25
Moritz Bleibtreu,1971-08-13
Miyoko Shôji,
Juliane Köhler,1965-08-06
Branko Djuric,1962-05-28
Alan Cumming,1965-01-27
Justin Chambers,1970-07-11
Mekhi Phifer,1974-12-29
Shane Edelman,
Melissa Sagemiller,
Jennifer Westfeldt,1970-02-02
Jennifer Baxter,
Naseeruddin Shah,1950-07-20
Brian Cox,1946-06-01
Dr. Dre,1965-02-18
Snoop Dogg,1971-10-20
Monica Potter,1971-06-30
Mariah Carey,1969-03-27
Vivica A. Fox,1964-07-30
Shane Brolly,
Selma Blair,1972-06-23
Toshio Furukawa,1946-07-16
Hector Elizondo,1936-12-22
Catherine Keener,1959-03-23
Mercedes Morán,
Andrew Lawrence,1988-01-12
Christopher Gorham,1974-08-14
Greg Stebner,
Eminem,1972-10-17
Cillian Murphy,1976-05-25
Alexandre Rodrigues,1983-05-21
Mandy Moore,1984-04-10
Nia Vardalos,1962-09-24
Dwayne Johnson,1972-05-02
Parminder Nagra,1975-10-05
Kate Bosworth,1983-01-02
Julianna Margulies,1966-06-08
Ryan Reynolds,1976-10-23
Salma Hayek,1966-09-02
Steve Oedekerk,1961-11-27
Aaliyah,1979-01-16
Rebecca Romijn,1972-11-06
Jordan Ladd,1975-01-14
Coralie Revel,
DJ Qualls,1978-06-10
Colin Hanks,1977-11-24
Britney Spears,1981-12-02
Shad Moss,1987-03-09
Kang-ho Song,1967-01-17
Parry Shen,1973-06-26
Nick Cannon,1980-10-08
Eddie Griffin,1968-07-15
Alexis Bledel,1981-09-16
Angela Bettis,1973-01-09
Miguel A. Núñez Jr.,1964-08-11
Chiwetel Ejiofor,1977-07-10
Rosario Flores,1963-11-04
Oksana Akinshina,1987-04-19
Steve Coogan,1965-10-14
Megumi Okina,1979-08-06
Keisha Castle-Hughes,1990-03-24
Everlyn Sampi,1988-10-06
Paddy Considine,1973-09-05
Jeremy Renner,1971-01-07
Eileen Walsh,1977-04-16
Charlie Hunnam,1980-04-10
Barry Watson,1974-04-23
Katie Holmes,1978-12-18
Casey Affleck,1975-08-12
Romain Duris,1974-05-28
Blayne Weaver,1976-04-09
Sergey Dreyden,
Mars Callahan,1971-12-01
Samantha Morton,1977-05-13
Anna Paquin,1982-07-24
Connie Nielsen,1965-07-03
James Nesbitt,1965-01-15
Morris Chestnut,1969-01-01
Sonja Richter,1974-01-04
Michael Reilly Burke,1964-06-27
Martin Compston,1984-05-08
America Ferrera,1984-04-18
Steve Irwin,1962-02-22
Mark Ruffalo,1967-11-22
James Franco,1978-04-19
Kate Beckinsale,1973-07-26
Choi Min-sik,1962-04-27
Michael Pitt,1981-04-10
Evan Rachel Wood,1987-09-07
Eliza Dushku,1980-12-30
Jeremy Sumpter,1989-02-05
Tommy Wiseau,2011-06-18
Jessica Biel,1982-03-03
Shia LaBeouf,1986-06-11
Sid Haig,1939-07-14
Kate Hudson,1979-04-19
Amanda Bynes,1986-04-03
Will Ferrell,1967-07-16
Blanchard Ryan,1967-01-12
A.J. Cook,1978-07-22
Cécile de France,1975-07-17
Elias McConnell,
Chaney Kley,1972-08-20
Daryl Sabara,1992-06-14
Derek Richardson,1976-01-18
Jonathan Breck,1965-02-17
Kim Ki-duk,1960-12-20
Jessica Alba,1981-04-28
Jonathan Cherry,1977-02-03
Peter Dinklage,1969-06-11
Daniel Brühl,1978-06-16
Adam Brody,1979-12-15
Tony Jaa,1976-02-05
Hilary Duff,1987-09-28
Brittany Murphy,1977-11-10
Preity Zinta,1975-01-31
Jamie Kennedy,1970-05-25
Anthony Anderson,1970-08-15
Vladimir Garin,2003-06-25
Andreas Wilson,1981-03-07
Michèle Caucheteux,
Mi-sook Lee,
Yekaterina Golubeva,1966-10-09
Tôru Emori,
Tatyana Ali,
Stephen Campbell Moore,1979-11-30
Guillaume Canet,1973-04-10
Nikolaj Lie Kaas,1973-05-22
Paul Giamatti,1967-06-06
Paul Rudd,1969-04-06
Luigi Lo Cascio,1967-10-20
Wes Ramsey,1977-10-06
Eduardo Verástegui,1974-05-21
Romola Garai,1982-08-06
Don Dixon,
Jason Lee,1970-04-25
Zooey Deschanel,1980-01-17
Kelly Clarkson,1982-04-24
Erik von Detten,1982-10-03
Yûta Sone,
Joe Nicolo,
Anne Reid,1935-05-28
Jodi Carlisle,1960-08-28
Joseph Fiennes,1970-05-27
Kam Heskin,1973-05-08
Corbin Allred,1979-05-25
Enrique Diaz,
Rémy Girard,1950-08-10
Liam Aiken,1990-01-07
Bob Dylan,1941-05-24
Sándor Csányi,1975-12-19
Emile Hirsch,1985-03-13
Scott Mechlowicz,1981-01-17
Hugh Jackman,1968-10-12
Craig T. Nelson,1944-04-04
Chieko Baishô,1941-06-29
Simon Pegg,1970-02-14
Natalie Press,1980-08-15
Daniel Craig,1968-03-02
Jon Heder,1977-10-26
Jennifer Garner,1972-04-17
Don Cheadle,1964-11-29
Kieran O'Brien,
John Cho,1972-06-16
Anne Hathaway,1982-11-12
Shane Carruth,
Abbie Cornish,1982-08-07
Tom Kenny,1962-07-13
Zach Braff,1975-04-06
Martin Henderson,1974-10-08
Cayden Boyd,1994-05-24
Brady Corbet,1988-08-17
Queen Latifah,1970-03-18
Kenan Thompson,1978-05-10
Ziyi Zhang,1979-02-09
Cyril Raffaelli,1974-04-01
Jena Malone,1984-11-21
Viggo Mortensen,1958-10-20
Rory Culkin,1989-07-21
Diego Luna,1979-12-29
Sara Foster,1981-02-05
Gael García Bernal,1978-11-30
Dwayne Adway,
Seung-Yun Lee,
Mary-Kate Olsen,1986-06-13
Tracey Ullman,1959-12-30
Yûya Yagira,1990-03-26
Kay Kay Menon,1966-10-02
Cedric the Entertainer,1964-04-24
Gérard Jugnot,1951-05-04
Bai Ling,1966-10-10
Konstantin Khabenskiy,1972-01-11
Omarion,1984-11-12
Ray Romano,1957-12-21
Max Riemelt,1984-01-07
Joan Chen,1961-04-26
Catalina Sandino Moreno,1981-04-19
Imelda Staunton,1956-01-09
Alex Etel,1994-09-19
Paul Kaye,1964-12-15
Kristen Stewart,1990-04-09
Jang Dong-Gun,1972-03-07
Vahina Giocante,1981-06-30
Valeria Bruni Tedeschi,1964-11-16
Anthony Mackie,1978-09-23
Kôji Imada,
Michael Nyqvist,1960-11-08
Abhishek Bachchan,1976-02-05
Akio Ôtsuka,1959-11-24
Robert Stadlober,1982-08-03
Steve Carell,1962-08-16
Keira Knightley,1985-03-26
Shauna Macdonald,1981-04-26
Orlando Bloom,1977-01-13
Martin Freeman,1971-09-08
Ioan Gruffudd,1973-10-06
Nathan Fillion,1971-03-27
Jay Hernandez,1978-02-20
Patrick Wilson,1973-07-03
Amber Tamblyn,1983-05-14
Rachel McAdams,1978-11-17
Chad Michael Murray,1981-08-24
Seann William Scott,1976-10-03
Stephanie Leonidas,1984-02-14
Donnie Wahlberg,1969-08-17
Josh Hutcherson,1992-10-12
Camilla Belle,
Nathan Phillips,1980-03-13
Karl Urban,1972-06-07
Johnny Knoxville,1971-03-11
Nam-mi Kang,
Owen Kline,1947-10-24
Kimberly Elise,1967-04-17
Peter Sallis,1921-02-01
James Gandolfini,1961-09-18
50 Cent,1975-07-06
Kristanna Loken,1979-10-08
Navi Rawat,1977-06-05
Kuno Becker,1978-01-14
Gretchen Mol,1972-11-08
David Strathairn,1949-01-26
Julian Morris,1983-01-13
Josh Lucas,1971-06-20
Terrence Howard,1969-03-11
Tom Welling,1977-04-26
AnnaSophia Robb,1993-12-08
Benjamin Bratt,1963-12-16
Agnes Bruckner,1985-08-16
Steve Howey,1977-07-12
Barney Clark,1993-06-25
Rie Rasmussen,1978-02-14
John Hawkes,1959-09-11
Felicity Huffman,1962-12-09
Bryce Dallas Howard,1981-03-02
Embeth Davidtz,1965-08-11
Marcos Hernández,
Amitabh Bachchan,1942-10-11
Hringur Ingvarsson,
Diane Kruger,1976-07-15
Jenny McCarthy,1972-11-01
Lou Taylor Pucci,1985-07-27
Lucas Black,1982-11-29
Ivana Baquero,1994-06-11
Gerardo Taracena,
James McAvoy,1979-04-21
Ulrich Mühe,1953-06-20
Justin Long,1978-06-02
Brandon Routh,1979-10-09
Steven Strait,1986-03-23
Ted Levine,1957-05-29
Ben Whishaw,1980-10-14
Thomas Turgoose,1992-03-08
Sean Biggerstaff,1983-03-15
Allen Covert,1964-10-12
Carice van Houten,1976-09-05
Missy Peregrym,1982-06-16
Channing Tatum,1980-04-26
Sacha Baron Cohen,1971-10-13
Mary Elizabeth Winstead,1984-11-28
Emma Roberts,1991-02-10
Lee Pace,
Jesse Metcalfe,1978-12-09
Ed Speleers,1988-04-07
Beyoncé,1981-09-04
Tobin Bell,1942-08-07
Megumi Hayashibara,1967-03-30
Mitchel Musso,1991-07-09
Jessica Simpson,1980-07-10
Jaime Pressly,1977-07-30
Sook-Yin Lee,
François Cluzet,1955-09-21
David Alan Basche,1968-08-25
Karolina Gruszka,1980-07-13
Dakota Fanning,1994-02-23
Liev Schreiber,1967-10-04
Jon Foster,1984-08-03
Josh Duhamel,1972-11-14
Frédéric van den Driessche,
Tyler Perry,1969-09-13
John Cena,1977-04-23
Dax Shepard,1975-01-02
Sienna Miller,1981-12-28
Charlie Clark,
Drew Fuller,1980-05-19
Kevin James,1965-04-26
Freddie Highmore,1992-02-14
Anders Danielsen Lie,1979-01-01
Alyson Hannigan,1974-03-24
Alison Lohman,1979-09-18
Mads Mikkelsen,1965-11-22
Patrick Fugit,1982-10-27
Glenn Jacobs,1967-04-26
Jean Dujardin,1972-06-19
T.I.,1980-09-25
Alex Pettyfer,1990-04-10
Nathan Baesel,1974-04-07
Toby Jones,1966-09-07
Oliver Driver,1974-11-22
Kristen Bell,1980-07-18
Danny McBride,1976-12-29
Jake T. Austin,1994-12-03
Danny Dyer,1977-07-24
Erin Kelly,1981-08-21
Daniel London,
Catherine O'Hara,1954-03-04
Jason Behr,1973-12-30
Logan Lerman,1992-01-19
Charlie Cox,1982-12-15
Michael Cera,1988-06-07
Brad Garrett,1960-04-14
Elliot Page,1987-02-21
Amy Adams,1974-08-20
Seth Rogen,1982-04-15
Andy Samberg,1978-08-18
Scout Taylor-Compton,1989-02-21
Ryan Kwanten,1976-11-28
Jerry Seinfeld,1954-04-29
Reiko Aylesworth,1972-12-09
Dane Cook,1972-03-18
Lauren German,1978-11-29
Lauren Birkell,
Karra Elejalde,1960-10-10
Kal Penn,1977-04-23
Daniel Hansen,
Katie Featherston,1982-10-20
John C. Reilly,1965-05-24
Belén Rueda,1965-03-16
Gaspard Ulliel,1984-11-25
Dan Castellaneta,1957-10-29
Jess Weixler,
Matthew Macfadyen,1974-01-01
Darsheel Safary,1997-03-09
Steve Austin,1964-12-18
Will Arnett,1970-05-04
Thomas Lennon,1970-08-09
Sam Riley,1980-01-08
Michael Vartan,1968-11-27
Marion Cotillard,1975-09-30
Glen Hansard,1970-04-21
Richard Jenkins,1947-05-04
Keri Russell,1976-03-23
Alexander Ludwig,1992-05-07
Catherine Zeta-Jones,1969-09-25
Daniella Alonso,1978-09-22
Trevor Wright,
Khalid Abdalla,1980-10-26
Skyler Shaye,1986-10-14
Gabrielle Union,1972-10-29
Dan Fogler,1976-10-20
David Koechner,1962-08-24
Wagner Moura,1976-06-27
Mathieu Amalric,1965-10-25
Norah Jones,1979-03-30
Pauline Acquart,
Rachel Nichols,
Patrick Carroll,
Big Boi,1975-02-01
Chiara Mastroianni,1972-05-28
Lucy Liu,1968-12-02
Anamaria Marinca,1978-04-01
Robert Wisdom,1953-09-14
Elisha Cuthbert,1982-11-30
Anton Yelchin,1989-03-11
Justin Chatwin,1982-10-31
Michelle Morgan,
Megumi Ogata,1965-06-06
Loren Taylor,
Summer Bishil,1988-07-17
Karl Markovics,1963-08-29
Michael Shannon,1974-08-07
Shahid Kapoor,1981-02-25
Joely Richardson,1965-01-09
Dominic Purcell,1970-02-17
Columbus Short,1982-09-19
Chuck Cooper,1954-11-08
Kathy Baker,1950-06-08
Zack Ward,1970-08-31
Bill Milner,1995-03-04
Scott Speedman,1975-09-01
Ben Burtt,1948-07-12
Rebecca Hall,1982-05-03
Dev Patel,1990-04-23
Kelly Reilly,1977-07-18
Mike Vogel,1979-07-17
Shawn Ashmore,1979-10-07
Jim Sturgess,1978-05-16
Sean Faris,1982-03-25
Josh Zuckerman,1985-04-01
Ben Barnes,1981-08-20
Asa Butterfield,1997-04-01
Katherine Heigl,1978-11-24
Kåre Hedebrant,1995-06-28
Tom Hardy,1977-09-15
Carmen Electra,1972-04-20
Drake Bell,1986-06-27
Ray Stevenson,1964-05-25
Rhona Mitra,1976-08-09
Gabriel Macht,1972-01-22
Ricky Gervais,1961-06-25
Chris Pine,1980-08-26
Rainn Wilson,1966-01-20
Robert Hoffman,1980-09-21
Paul Sorvino,1939-04-13
Scott Patterson,1958-09-11
Stuart Graham,1942-01-09
Josh Brolin,1968-02-12
Paris Hilton,1981-02-17
Brittany Snow,1986-03-09
Zac Efron,1987-10-18
Sean Maguire,1976-04-18
Matt Lanter,1983-04-01
Tina Fey,1970-05-18
Saoirse Ronan,1994-04-12
Jennifer Carpenter,
Lisa Ray,1972-04-04
Gianfelice Imparato,
JeeJa Yanin,
Sian Breckin,
Michelle Williams,1980-09-09
Ayako Fujitani,1979-12-07
Stephen McHattie,1946-02-03
Sally Hawkins,1976-04-27
Ari Folman,1962-12-17
Masahiro Motoki,1965-12-21
Matthew Goode,1978-04-03
Tamela J. Mann,1966-06-09
Rob Brown,1984-03-11
Martina Gedeck,1961-09-14
Larry Bishop,1948-11-30
Josh Peck,1986-11-10
Jimmy Bennett,1996-02-09
Melissa Leo,1960-09-14
Sam Worthington,1976-08-02
Megan Fox,1986-05-16
Jackie Earle Haley,1961-07-14
Zach Galifianakis,1969-10-01
Ginnifer Goodwin,1978-05-22
Jesse Eisenberg,1983-10-05
Sharlto Copley,1973-11-27
Quinton Aaron,1984-08-15
Vera Farmiga,1973-08-06
Jared Padalecki,1982-07-19
Anika Noni Rose,1972-09-06
Dieter Laser,1942-02-17
Nathaniel Brown,
Eric Christian Olsen,
Christos Stergioglou,
Garret Dillahunt,1964-11-24
Penn Badgley,1986-11-01
Max Records,1997-06-18
Briana Evigan,
Gabourey Sidibe,1983-05-06
Hye-ja Kim,
Michael Stuhlbarg,1968-07-05
Josh Stewart,1977-02-06
Rain,1982-06-25
Keller Wortham,
Nick Zano,1978-03-08
Carey Mulligan,1985-05-28
Emily Browning,1988-12-07
Jensen Ackles,1978-03-01
Isla Fisher,1976-02-03
Emily Blunt,1983-02-23
Tahar Rahim,1981-07-04
Katie Jarvis,1991-06-22
Hayden Panettiere,1989-08-21
Odette Annable,1985-05-10
Jamal Woolard,1975-07-08
Aaron Taylor-Johnson,1990-06-13
Sasha Grey,1988-03-14
Noomi Rapace,1979-12-28
Tom Hollander,1967-08-25
Christian Friedel,1979-03-09
Sean Patrick Flanery,1965-10-11
Miley Cyrus,1992-11-23
Golshifteh Farahani,1983-07-10
Alan Van Sprang,1971-06-19
Jocelin Donahue,1981-11-08
John Krasinski,1979-10-20
Paulina Gaitan,1991-02-19
Jeppe Beck Laursen,
Ryûnosuke Kamiki,1993-05-19
Ben Foster,1980-10-29
Julia Voth,1985-05-16
Evan McGuire,
Gemma Arterton,1986-02-02
Zach Cregger,1980-03-01
Chris Massoglia,1992-03-29
Ashley Tisdale,1985-07-02
Kristin Kreuk,1982-12-30
Dario Yazbek Bernal,1990-11-30
Michael Angarano,1987-12-03
Rooney Mara,1985-04-17
Eva Green,1980-07-06
Jonathan D. Mellor,
Jay Baruchel,1982-04-09
Madeline Carroll,1996-03-18
Scoot McNairy,1977-11-11
Sarah Butler,
Noah Ringer,1997-11-18
Lubna Azabal,1973-08-15
Mia Wasikowska,1989-10-25
Lee Byung-hun,1969-07-12
Emma Stone,1988-11-06
Danny Trejo,1944-05-16
Idris Elba,1972-09-06
Michael Fassbender,1977-04-02
James Frecheville,1991-04-14
Zachary Gordon,1998-02-15
Paul Bettany,1971-05-27
Robert Pattinson,1986-05-13
Jennifer Lawrence,1990-08-15
Chris Brown,1989-05-05
James Rolleston,1997-06-08
Tyler Labine,1978-04-29
Chris Messina,1974-08-11
Keir Gilchrist,1992-09-28
Kodi Smit-McPhee,1996-06-13
Benicio Del Toro,1967-02-19
Will Adamsdale,
Will Forte,1970-06-17
Eva Bourne,
Eric Balfour,1977-04-24
Thanapat Saisaymar,
Won Bin,1977-11-10
Joey King,1999-07-30
Otto Jespersen,1860-07-16
Amanda Seyfried,1985-12-03
Jonah Hill,1983-12-20
Amy Poehler,1971-09-16
Craig Roberts,1991-01-21
Sharni Vinson,1983-07-22
Eddie Redmayne,1982-01-06
Stephen Spinella,1956-10-11
Kôji Yakusho,1956-01-01
Bill Nighy,1949-12-12
Donnie Yen,1963-07-27
Jenn Proske,1987-08-08
Chace Crawford,1985-07-18
Jeon Do-yeon,1973-02-11
Patrick Fabian,1964-12-07
Juno Temple,1989-07-21
Rajat Barmecha,1989-04-24
Garrett Hedlund,1984-09-03
Joel Kinnaman,1979-11-25
Connor Paolo,1990-07-11
Max Thieriot,1988-10-14
Kristin Scott Thomas,1960-05-24
Danielle Harris,1977-06-01
David Hyde Pierce,1959-04-03
Ludivine Sagnier,1979-07-03
Thomas Dekker,1987-12-28
Chris Evans,1981-06-13
Chris Hemsworth,1983-08-11
Kristen Wiig,1973-08-22
Kristen Connolly,1980-07-12
Mila Kunis,1983-08-14
Henry Cavill,1983-05-05
Justin Timberlake,1981-01-31
Elle Fanning,1998-04-09
Bradley Cooper,1975-01-05
Jason Momoa,1979-08-01
Zoe Saldana,1978-06-19
Taylor Lautner,1992-02-11
Payman Maadi,1970-06-30
Jeremy Irvine,1990-06-18
Iko Uwais,1983-02-12
Zachary Quinto,1977-06-02
Elizabeth Olsen,1989-02-16
Nicholas D'Agosto,1980-04-17
Kenny Wormald,1984-07-27
Topher Grace,1978-07-12
Sara Paxton,1988-04-25
Gina Carano,1982-04-16
Lucas Pittaway,
Laurence R. Harvey,1970-07-17
James Buckley,1987-08-14
Nick Swardson,1976-10-09
Neil Maskell,
John Boyega,1992-03-17
Dominic Cooper,1978-06-02
Brit Marling,1982-08-07
Felicity Jones,1983-10-17
Minka Kelly,1980-06-24
Selena Gomez,1992-07-22
Colin O'Donoghue,1981-01-26
Christopher Denham,
Thomas Horn,
Noémie Lvovsky,1964-12-14
Tom Cullen,1985-07-17
Rhys Wakefield,1988-11-20
Aksel Hennie,1975-10-29
Michael Parks,1940-04-24
Sarah Bolger,1991-02-28
Mark Duplass,1976-12-07
Jason Sudeikis,1975-09-18
Alex Kendrick,1970-06-11
Warren Christie,1975-11-04
Rhys Ifans,1967-07-22
Russell Brand,1975-06-04
Taylor Schilling,1984-07-27
Maggie Gyllenhaal,1977-11-16
Albert Dupontel,1964-01-11
Kaya Scodelario,1992-03-13
Ranbir Kapoor,1982-09-28
Peter Mullan,1959-11-02
Muhammet Uzuner,1965-06-30
Anna Kendrick,1985-08-09
Jared Gilman,1998-12-28
Jessica Chastain,1977-03-24
Andrew Garfield,1983-08-20
Kelly Macdonald,1976-02-23
Taylor Kitsch,1981-04-08
Alexander Skarsgård,1976-08-25
Vanessa Hudgens,1988-12-14
Danielle Panabaker,1987-09-19
Saskia Rosendahl,1993-07-09
Benjamin Walker,1982-06-21
Thomas Mann,1875-06-06
Suraj Sharma,1993-03-21
Julianne Hough,1988-07-20
Aubrey Plaza,1984-06-26
Dane DeHaan,1986-02-06
Greta Gerwig,1983-08-04
Jason Segel,1980-01-18
Sean Hayes,1970-06-26
Ann Dowd,1956-01-30
Alex Veadov,
Dylan O'Brien,1991-08-26
Calvin Reeder,
Luke Evans,1979-04-15
Lily Collins,1989-03-18
Ashley Hinshaw,1988-12-11
Sheri Moon Zombie,1970-09-26
Kathryn McCormick,1990-07-07
Paul Dano,1984-06-19
Natasha Calis,1999-03-27
Adelaide Clemens,1989-11-30
Jean-Louis Trintignant,1930-12-11
Chase Williamson,1988-07-07
Jenna Fischer,1974-03-07
Alicia Vikander,1988-10-03
Will Rogers,1879-11-04
Veerle Baetens,1978-01-24
Dree Hemingway,1987-12-04
Paul Brannigan,1986-09-14
Quvenzhané Wallis,2003-08-28
Ashley Greene,1987-02-21
Jonny Weston,1988-06-16
Vidya Balan,1979-01-01
Josh Radnor,1974-07-29
Pål Sverre Hagen,1980-11-06
Stephen Dunham,1964-09-14
Marin Ireland,1979-08-30
Toby Irvine,
John Magaro,1983-02-16
Alice Lowe,1977-04-03
Jesse McCartney,1987-04-09
Rashida Jones,1976-02-25
Ingrid Bolsø Berdal,1980-03-02
Florian Lukas,1973-03-16
Rin Takanashi,1988-12-17
Riz Ahmed,1982-12-01
Alexis Denisof,1966-02-25
Ari Graynor,1983-04-27
Fernanda Andrade,1984-03-08
Saif Ali Khan,1970-08-16
Victoria Justice,1993-02-19
Léa Seydoux,1985-07-01
Peter Sarsgaard,1971-03-07
Domhnall Gleeson,1983-05-12
Lorenza Izzo,1989-09-19
Jane Levy,1989-12-29
Emily Baldoni,1984-10-18
Alexandra Daddario,1986-03-16
Nicholas Hoult,1989-12-07
Marine Vacth,1991-04-09
Karen Gillan,1987-11-28
Lior Ashkenazi,1968-12-28
Simon Rex,1974-07-20
Oscar Isaac,1979-03-09
Chloë Grace Moretz,1997-02-10
Julia Louis-Dreyfus,1961-01-13
Gugu Mbatha-Raw,1983-04-21
Jaden Smith,1998-07-08
Toni Servillo,
Miles Teller,1987-02-20
Chadwick Boseman,1976-11-29
Jemma Dallender,1988-06-04
Brie Larson,1989-10-01
Sophie Nélisse,2000-03-27
Katie Chang,1995-05-03
Hideaki Anno,1960-05-22
Alice Englert,1994-08
Kathryn Hahn,1973-07-23
Carlos Alazraqui,1962-07-20
Bill Hader,1978-06-07
Macon Blair,
Nick Robinson,1995-03-22
Farhan Akhtar,1974-01-09
Christoph Waltz,1956-10-04
Mark Strong,1963-08-05
James Corden,1978-08-22
Neil Patrick Harris,1973-06-15
Michael B. Jordan,1987-02-09
Rose Byrne,1979-07-24
Jack O'Connell,1990-08-01
Skylan Brooks,1999-02-12
Hailee Steinfeld,1996-12-11
Amy Seimetz,
Julian Barratt,1968-05-04
Liam Hemsworth,1990-01-13
Bérénice Bejo,1976-07-07
Lawrence Michael Levine,
Benedict Cumberbatch,1976-07-19
Agata Kulesza,1971-09-27
Lake Bell,1979-03-24
Tiger Hu Chen,
Irrfan Khan,1967-01-07
Jung-jae Lee,1972-12-15
Chris Pratt,1979-06-21
Shailene Woodley,1991-11-15
Jon Favreau,1966-10-19
Jemaine Clement,1974-01-10
Frank Grillo,1965-06-08
Maika Monroe,1993-05-29
Brenton Thwaites,1989-08-10
Sullivan Stapleton,1977-06-14
Ryan Potter,1995-09-12
Perdita Weeks,1985-12-25
Ward Horton,1976-01-14
Ellar Coltrane,1994-08-27
Essie Davis,1970-01-19
Darío Grandinetti,1959-03-05
Dan Stevens,1982-10-10
Zoey Deutch,1994-11-10
Rose Leslie,1987-02-09
Aaron Paul,1979-08-27
Seth MacFarlane,1973-10-26
Hugh Bonneville,1963-11-10
Richard Armitage,1971-08-22
Tom McGrath,
Anne Dorval,1960-11-08
Lukas Schwarz,
Heather Sossaman,
Gabriella Wilde,1989-04-08
Kit Harington,1986-12-26
Kaitlyn Dever,1996-12-21
Jake Johnson,1978-05-28
Andy Powers,
Imogen Poots,1989-06-03
Sharon Leal,1972-10-17
David Oyelowo,1976-04-01
Jon Hamm,1971-03-10
John Lloyd Young,1975-07-04
Elizabeth Banks,1974-02-10
Kellan Lutz,1985-03-15
Ryan Guzman,1987-09-21
Shane Harper,1993-02-14
Sara Takatsuki,1997-08-10
Ty Burrell,1967-08-22
Melissa McCarthy,1970-08-26
Johannes Kuhnke,1972-04-17
Christina Hendricks,1975-05-03
David Rawle,2000-10-16
Jared Harris,1961-08-24
Rachel Melvin,1985-02-09
Taraji P. Henson,1970-09-11
Aleksey Serebryakov,
Sidse Babett Knudsen,1968-11-22
Olivia Cooke,1993-12-27
Haluk Bilginer,1954-06-05
Tyler James Williams,1992-10-09
Kevin Hart,1979-07-06
Arielle Holmes,1993-09-17
Dakota Johnson,1989-10-04
Anya Taylor-Joy,1996-04-16
Lily James,1989-04-05
Daisy Ridley,1992-04-10
Tom Hiddleston,1981-02-09
Melissa Rauch,1980-06-23
Jason Clarke,1969-07-17
Olivia DeJonge,1998-04-30
Ed Helms,1974-01-24
Blake Lively,1987-08-25
Jim Parsons,1973-03-24
Amy Schumer,1981-06-01
O'Shea Jackson Jr.,1991-02-24
Logan Marshall-Green,1976-11-01
Edgar Ramírez,
Rupert Friend,1981-10-09
Adrian Grenier,1976-07-10
Tye Sheridan,1996-11-11
Levi Miller,2002-09-30
Mae Whitman,1988-06-09
Bryan Cranston,1956-03-07
Ezra Miller,1992-09-30
Scott Eastwood,1986-03-21
Prabhas,1979-10-23
Nat Wolff,1994-12-17
Kristoffer Joner,1972-09-19
Rolf Lassgård,1955-03-29
Abraham Attah,2002-07-02
Bel Powley,1992-03-07
Günes Sensoy,
Kitana Kiki Rodriguez,
James Ransone,1979-06-02
Ben Mendelsohn,1969-04-03
Ajay Devgn,1969-04-02
Haruma Miura,1990-04-05
Taron Egerton,1989-11-10
Ranveer Singh,1985-07-06
Amy Landecker,1969-09-30
Ed Skrein,1983-03-29
Shameik Moore,1995-05-04
Roland Møller,1972-05-28
Adam Scott,1973-04-03
Salman Khan,1965-12-27
Marta Mazurek,
Noah Schnapp,2004-10-03
Olivia Wilde,1984-03-10
Reese Mishler,1991-04-20
Clémence Poésy,1982-10-30
Chad Villella,
David Dencik,1974-10-31
Rossif Sutherland,1978-09-25
Aubrey Peeples,
Jenjira Pongpas,
Kate Mara,1983-02-27
Rob Corddry,1971-02-04
Munro Chambers,1990-07-29
Géza Röhrig,1967-05-11
Shin Ha-kyun,1974-05-30
Priscilla C. Shirer,
Travis Fimmel,1979-07-15
Emilia Clarke,1986-10-23
Florence Pugh,1996-01-03
Auli'i Cravalho,2000-11-22
Kim Min-hee,
Garance Marillier,1998-02-11
Gong Yoo,1979-07-10
Mahershala Ali,1974-02-16
Sasha Lane,1995-09-29
Neel Sethi,2016-04-04
Teresa Palmer,1986-02-26
Mike Epps,1970-11-18
Suki Waterhouse,1992-01-05
Adam Driver,1983-11-19
Lauren Cohan,1982-01-07
Louis C.K.,1967-09-12
Aaron Pedersen,1970-11-24
Morgan Saylor,1994-10-26
Blake Jenner,1992-08-27
Neal McDonough,1966-02-13
Samantha Robinson,
John Gallagher Jr.,1984-06-17
Ferdia Walsh-Peelo,1999-10-12
Hiroki Hasegawa,1977-03-07
Aaron Poole,1977-03-17
Jack Huston,1982-12-07
Keegan-Michael Key,1971-03-22
Ben Schnetzer,1990-02-08
Lewis MacDougall,2002-06-05
Jamie Dornan,1982-05-01
James Allen McCune,1990-06-18
Shahab Hosseini,1974-02-03
James Arnold Taylor,1969-07-22
Ruth Ramos,
Elizabeth Reaser,1975-07-02
Natalie Dormer,1982-02-11
Lucas Till,1990-08-10
Sandra Hüller,
Joe Alwyn,1991-02-21
Carlos Acosta,1973-06-02
Ruth Negga,1982-01-07
Dave Johns,1956-07-15
Harshvardhan Rane,1983-12-16
Dominic Monaghan,1976-12-08
Taapsee Pannu,1987-08-01
Narges Rashidi,1980-03-21
Stephan James,1993-12-16
Emma Suárez,1964-06-25
Rami Malek,1981-05-12
Erin Darke,
Jessica Brown Findlay,1987-09-14
Lou de Laâge,1990-04-27
Bill Skarsgård,1990-08-09
Tom Holland,1996-06-01
Armie Hammer,1986-08-28
Daniel Kaluuya,1989-02-24
Fionn Whitehead,1997-07-18
Anthony Gonzalez,2004-09-23
Ansel Elgort,1994-03-14
Gal Gadot,1985-04-30
Jacob Tremblay,2006-10-05
Emma Watson,1990-04-15
Jessie Buckley,1989-12-28
Margot Robbie,1990-07-02
Barry G. Bernson,
Jessica Rothe,1987-05-28
Lesley Manville,1956-03-12
Scott Shepherd,
Brooklynn Prince,
Vicky Krieps,1983-10-04
Andy Serkis,1964-04-20
Michael Peña,1976-01-13
Kumail Nanjiani,1978-05-02
Aaron Moorhead,1987-03-03
Katie Leung,1987-08-08
Matilda Anna Ingrid Lutz,1992-01-28
Matt Passmore,1973-12-24
Amandla Stenberg,1998-10-23
Jon Bernthal,1976-09-20
Dacre Montgomery,1994-11-22
Joel Edgerton,1974-06-23
T.J. Miller,1981-06-04
Rosario Dawson,1979-05-09
Regina Hall,1970-12-12
Douglas Booth,1992-07-09
Claes Bang,1967-04-28
Josh O'Connor,
Sverrir Gudnason,1978-09-12
Josh Gad,1981-02-23
Alison Brie,1982-12-29
Eili Harboe,1994-08-16
Brady Jandreau,
Ross Lynch,1995-12-29
George MacKay,1992-03-13
Demetrius Shipp Jr.,1988-11-20
Max Hubacher,1993-10-01
Stan Shaw,1952-07-14
Callum Turner,1990-02-15
Andy Biersack,1990-12-26
Demi Lovato,1992-08-20
Simone Baker,
Oakes Fegley,2004-11-11
Numan Acar,1974-10-07
Eugenio Derbez,1961-09-02
Jason Drucker,
Samuel Bottomley,2001-06-14
Harris Dickinson,1996-06-24
Emily Mortimer,1971-10-06
Maryana Spivak,1985-03-23
Owen Campbell,
Takuya Kimura,1972-11-13
Louis Garrel,1983-06-14
Nahuel Pérez Biscayart,1986-03-06
Charlie Plummer,1999-05-24
Sol Kyung-gu,1967-05-14
Pat Healy,1971-09-14
Billy Howle,1989-11-09
Samson Coulter,
Kim Ok-bin,1987-01-03
Brett Dalton,1983-01-07
Douglas Smith,
Ha Jung-woo,1978-03-11
Constance Wu,1982-03-22
John David Washington,1984-07-28
Boyd Holbrook,
Alden Ehrenreich,1989-11-22
Bella Thorne,1997-10-08
Lady Gaga,1986-03-28
Elsie Fisher,2003-04-03
Olivia Colman,1974-01-30
Y'lan Noel,1988-08-19
Demián Bichir,1963-08-01
Hannah Murray,1989-07-01
Sofia Boutella,1982-04-03
Zain Al Rafeea,2004-10-10
Thomasin McKenzie,2000-07-26
Justin Theroux,1971-08-10
Jovan Adepo,1988-09-06
Claire Foy,1984-04-16
Hera Hilmar,1988-12-27
Sunny Suljic,2005-08-10
Viola Davis,1965-08-11
Yoo Ah-in,1986-10-06
Leslie Mann,1972-03-26
Angourie Rice,2001-01-01
Lily Franky,1963-11-04
Daveed Diggs,1982-01-24
Aisling Franciosi,1993-06-06
Jassa Ahluwalia,1990-09-12
LaKeith Stanfield,1991-08-12
Joanna Kulig,1982-06-24
Lucy Hale,1989-06-14
Graham Verchere,2002-02-04
Storm Reid,2003-07-03
Amber Heard,1986-04-22
Ayushmann Khurrana,1984-09-14
Spencer Reinhard,
Aldis Hodge,1986-09-20
Taissa Farmiga,1994-08-17
Lin Shaye,1943-10-12
Lucas Hedges,1996-12-12
Ed Oxenbould,2001-06-01
Alex Roe,1990-05-09
Mahiro Takasugi,1996-07-04
José Luis Ferrer,
David Tennant,1971-04-18
Eva Melander,
Odessa Young,1998-01-11
Colin Woodell,1991-12-20
Mackenzie Foy,2000-11-10
Cynthea Mercado,
Rosamund Pike,
Kyrie Irving,1992-03-23
Shay Mitchell,1987-04-10
KiKi Layne,1991-12-10
Mamie Gummer,1983-08-03
Alek Skarlatos,1992-10-10
Chris O'Dowd,1979-10-09
Jakob Cedergren,1973-01-10
Tom Schilling,1982-02-10
Caitlin Gerard,1988-07-26
Tika Sumpter,
Alia Shawkat,1989-04-18
William Moseley,1987-04-27
Deepika Padukone,1986-01-05
Trevor Jackson,1996-08-30
J. Michael Finley,2018-03-16
Masako Nozawa,1936-10-25
Myles Truitt,2002-02-01
Emelie Garbers,
Alba August,1993-06-06
Wendi McLendon-Covey,1969-10-10
Tiffany Haddish,1979-12-03
Batsheva Dance Company,
Daiki Yamashita,1989-09-07
Taylor Russell,1994-07-18
Himesh Patel,1990-10-13
Josephine Langford,1997-08-18
Roman Griffin Davis,2007-03-05
Zachary Levi,1980-09-29
Dean-Charles Chapman,1997-09-07
Rosa Salazar,1985-07-16
Lupita Nyong'o,1983-03-01
Samara Weaving,1992-02-23
David Harbour,1975-04-10
Linda Hamilton,1956-09-26
Isabela Merced,2001-07-10
Donald Glover,1983-09-25
Kyle Chandler,1965-09-17
Sasha Luss,1992-06-06
Noémie Merlant,1988-11-27
Zack Gottsagen,1985-04-22
Octavia Spencer,1970-05-25
Haley Lu Richardson,1995-03-07
Jimmie Fails,
Patton Oswalt,1969-01-27
Linda Cardellini,1975-06-25
Zoe Margaret Colletti,2001-11-27
Michael Ealy,1973-08-03
Kotaro Daigo,
Jake Schur,
Marc Maron,1963-09-27
Neil Young,1945-11-12
Shuzhen Zhao,
Dave Bautista,1969-01-18
Billy Barratt,2007-06-16
Chloe Bennet,1992-04-18
Rebel Wilson,1980-03-02
Seána Kerslake,
Jillian Bell,1984-04-25
Sushant Singh Rajput,1986-01-21
Gina Rodriguez,1984-07-30
Sofia Mali,
Ma Dong-seok,1971-03-01
Matthias Schoenaerts,1977-12-08
Jing Wu,1910-07-07
Louis Ashbourne Serkis,2004-06-19
Caylee Cowan,2019-04-09
Marcel Ruiz,2000-10-26
Yanting Lü,
Finn Little,
Vijay Varma,
Beau Knapp,1989-04-17
Jake Choi,
Lee Dong-yong,
Yara Shahidi,2000-02-10
Peta Murgatroyd,1986-07-14
Varun Dhawan,1987-04-24
Akshay Kumar,1967-09-09
Melanie Martinez,1995-04-28
Mrunal Thakur,1992-08-01
Jo Jung-Suk,
Tania Raymonde,1988-03-22
Walton Goggins,1971-11-10
Ashley Bratcher,
Tiger Shroff,1990-03-02
Seo Jun Park,
Kartik Aaryan,1990-11-22
Juan Barberini,
Michael Roark,1983-05-09
Jun Fukuyama,1978-11-26
Hannah Pearl Utt,
David Thorpe,
Terry Serpico,1964-06-27
Chris Galust,
John Abraham,1972-12-17
Veronica Ngo,1979-02-26
Nawazuddin Siddiqui,1974-05-19
Sonam Kapoor,1985-06-09
Karina Fontes,
Xiaoming Huang,1977-11-13
Bonnie Langford,1964-07-22
Francesco Di Napoli,
Ace Young,1980-11-15
Matt Henry,
Brett Varvel,
Mi-ran Ra,
Spencer Brown,
David McConnell,
Vidyut Jammwal,1980-12-10
Hanyu Zhang,
Miko Hughes,
Martha Higareda,1983-08-24
Louis Koo,1970-10-21
Ryu Jun-Yeol,
Valerie Pachner,1987-06-26
JC Santos,1988-11-19
Sharman Joshi,1979-04-28
Tesshô Genda,1948-05-20
Bo Huang,1974-08-26
Liza Soberano,1998-01-04
Arjun Kapoor,1985-06-26
Tony Ka Fai Leung,
Cole Allen,
Michael Saquella,
Alexandra Bokova,
Anne-Élisabeth Bossé,
Elisabeth Moss,1982-07-24
Ben Schwartz,1981-09-15
Zhi-zhong Huang,
Shea Whigham,1969-01-05
Robert Pralgo,1966-06-04
Guangtao Jiang,
Scott Pryor,
Dan Belcher,
Kristina Klebe,1979-06-18
Augie Tulba,
Nicky Whelan,1981-05-10
Billy Hartmann,
Shannon Bond,
Onyama Laura,1992-10-14
Christina Roz,
Siyabonga Mabaso,
